,lon,lat
1,69.207486,34.5553494
2,67.1179511,36.6926167
3,19.8186982,41.3275459
4,1.5387862,42.5100804
5,-58.3815591,-34.6036844
6,138.6007456,-34.9284989
7,117.883959,-35.0275298
8,146.9135418,-36.0737293
9,147.4063861,-19.5685154
10,149.5775008,-33.4192822
11,153.0251235,-27.4697707
12,115.6396494,-33.325636
13,115.3500188,-33.6554927
14,149.124417,-35.3075
15,151.3651236,-33.3319173
16,116.1484349,-33.3601435
17,130.8456418,-12.4634403
18,146.3451775,-41.1770585
19,144.3617186,-38.1499181
20,114.6149715,-28.7773715
21,148.1526806,-40.9817009
22,147.3271949,-42.8821377
23,146.8,-38.15
24,147.1440875,-41.4332215
25,151.4578934,-32.8178141
26,149.1821469,-21.1424956
27,144.9642459,-37.8162789
28,148.057916,-22.002777
29,139.4927085,-20.7255748
30,150.9049638,-32.2848467
31,151.781667,-32.928333
32,130.9851852,-12.4784614
33,115.8604572,-31.9505269
34,151.1788155,-32.5694741
35,151.2092955,-33.8688197
36,150.9320334,-31.092748
37,146.8169483,-19.2589635
38,150.6749653,-32.0224523
39,147.3598323,-35.1081689
40,137.5753107,-33.0379671
41,150.8930607,-34.4278121
42,151.418,-33.282
43,13.7057619,46.5499903
44,13.6209459,47.7123805
45,16.213837,47.9648168
46,16.3459774,48.0832406
47,9.80821,47.15991
48,15.26861,47.40993
49,15.21338,46.81595
50,9.74379,47.4124
51,16.786103,48.4363112
52,16.52796,47.84637
53,9.6019,47.24128
54,16.08013,47.04795
55,16.71754,48.34067
56,15.439504,47.070714
57,16.5533905,48.1969144
58,11.5058484,47.2804034
59,13.10037,47.68248
60,15.97302,47.2815
61,10.7483325,47.4441226
62,16.43847,48.07329
63,9.6356383,47.4592718
64,10.73954,47.24013
65,11.4041024,47.2692124
66,14.65811,47.16826
67,15.2791914,47.4433293
68,11.2734,47.25573
69,14.3122246,46.6364598
70,16.323772,48.3098656
71,14.82719,47.21595
72,15.60384,48.40999
73,12.16275,47.58237
74,15.09113,47.37639
75,12.76272,46.82769
76,14.24315,47.56741
77,14.28583,48.30694
78,9.6594464,47.4208426
79,16.2869,48.08255
80,15.67171,47.60687
81,13.05501,47.80949
82,14.8661804,46.7153804
83,15.63817,48.20353
84,14.36151,46.76748
85,11.70584,47.3502
86,16.4763778,48.1409268
87,13.4928,46.79968
88,14.41827,48.05009
89,14.3713292,48.2835238
90,16.2156966,48.3861094
91,15.7418888,48.3518681
92,16.060737,48.3314949
93,13.85062,46.60856
94,13.65613,48.00334
95,15.62297,47.21717
96,14.03664,48.16542
97,16.3738189,48.2081743
98,16.320342,48.0853962
99,16.23318,47.80279
100,14.84277,46.8401
101,12.0649466,47.4856098
102,14.7523616,47.1898236
103,50.4980362,26.1256441
104,50.6689995,26.2159009
105,50.6132554,26.1346774
106,50.5847544,26.1823274
107,50.6313889,26.04
108,90.3465971,22.7029212
109,91.8123324,22.3475365
110,90.4125181,23.810332
111,90.4195876,23.9917345
112,89.5403279,22.845641
113,90.4997973,23.6226398
114,88.6241351,24.3635886
115,91.8611011,24.904539
116,4.8365218,50.9859959
117,5.0964543,50.4911522
118,4.4024643,51.2194475
119,4.31409,51.34287
120,5.2535561,49.854235
121,4.36633,51.08608
122,3.2246995,51.209348
123,4.3517103,50.8503396
124,4.444643,50.4108095
125,4.52786,50.4061
126,4.67458,50.66206
127,5.11269,51.23985
128,3.7977646,51.0609335
129,5.4037136,50.5832252
130,3.7067221,51.1099708
131,5.5021,50.96613
132,3.7174243,51.0543422
133,5.6460452,49.7280718
134,5.33248,50.93069
135,5.63289,50.66618
136,4.34992,51.1775732
137,4.4047295,51.3061855
138,5.08081,50.75534
139,5.5796662,50.6325574
140,4.4775362,51.0258761
141,3.121342,50.7962915
142,3.340071,51.2430573
143,3.956659,50.4542408
144,3.3346008,50.9202012
145,5.0842508,51.2669664
146,3.1294471,50.9499087
147,5.54655,50.02683
148,5.4996297,50.5838832
149,5.3700431,50.3399089
150,4.51349,50.90793
151,3.3879338,50.6056475
152,2.6680341,51.073159
153,5.91469,50.2840167
154,4.4257868,50.9272511
155,4.6059942,50.0714722
156,3.8119772,51.1987114
157,3.332698,50.8129259
158,4.3335905,51.2164116
159,89.6392863,27.4727924
160,-66.1653224,-17.4139766
161,-68.1192936,-16.489689
162,18.4130763,43.8562586
163,18.6734688,44.5374611
164,-47.0626332,-22.9099384
165,NA,NA
166,NA,NA
167,-49.4052251,-25.586431
168,-36.7819505,-7.2399609
169,NA,NA
170,-47.060833,-22.905833
171,NA,NA
172,-51.2176584,-30.0346471
173,NA,NA
174,NA,NA
175,-51.2176584,-30.0346471
176,-49.2266344,-25.2929784
177,NA,NA
178,-46.333889,-23.960833
179,-49.267137,-25.4289541
180,-51.2176584,-30.0346471
181,-43.1970733,-22.9083118
182,-43.1970733,-22.9083118
183,NA,NA
184,NA,NA
185,-43.1970733,-22.9083118
186,NA,NA
187,NA,NA
188,NA,NA
189,-38.502304,-12.9730401
190,-38.502304,-12.9730401
191,NA,NA
192,-47.0626332,-22.9099384
193,-47.6480644,-22.7342864
194,-36.7819505,-7.2399609
195,NA,NA
196,-36.7819505,-7.2399609
197,-46.635833,-23.547778
198,-43.1970733,-22.9083118
199,-36.7819505,-7.2399609
200,NA,NA
201,NA,NA
202,-46.333889,-23.960833
203,-121.8863286,37.3382082
204,-45.9009074,-23.223701
205,-43.1970733,-22.9083118
206,-47.4525603,-23.5015299
207,-47.4525603,-23.5015299
208,-36.7819505,-7.2399609
209,23.0943385,42.0208569
210,27.4626361,42.5047926
211,27.5583738,43.2197379
212,25.5945249,42.0545053
213,24.836737,42.023184
214,25.8651308,42.1357845
215,25.71805,43.146778
216,25.5554462,41.9344366
217,25.3777119,41.6338439
218,24.7141906,43.1369534
219,23.2257292,43.4085161
220,24.3335662,42.1927654
221,23.0378368,42.6051862
222,24.177048,42.7033735
223,24.6066847,43.4170423
224,24.7452904,42.1354079
225,25.9656554,43.8355713
226,26.9361286,43.2712398
227,26.3228685,42.6816536
228,24.7010871,41.5774148
229,23.3218675,42.6977082
230,25.6344644,42.4257769
231,27.9147333,43.2140504
232,25.6171514,43.0756739
233,23.552921,43.2101806
234,10.4284178,5.4807517
235,10.1591213,5.9630513
236,11.5020752,3.8480325
237,-122.328026,49.054587
238,-68.644387,47.7284689
239,-64.836432,45.028156
240,-79.6903316,44.3893556
241,-65.6513358,47.6183507
242,-119.423302,55.213974
243,-77.3832315,44.1627589
244,-79.7624177,43.7315479
245,-99.9500904,49.848471
246,-80.2644254,43.1393867
247,-112.9265856,53.8034986
248,-79.7990319,43.3255196
249,-122.9805104,49.2488091
250,-114.0708459,51.0486151
251,-114.7404417,52.0939324
252,-117.6593341,49.3237408
253,-72.923934,46.44065
254,-82.1910376,42.4048018
255,-121.9514666,49.1579401
256,-110.1731468,54.4643173
257,-57.9502726,48.9489967
258,-74.730345,45.0212762
259,-124.9904493,49.6841391
260,-63.5677427,44.6652059
261,-123.0264759,49.0952155
262,-71.9295562,46.6506402
263,-78.8938886,45.244235
264,-123.7079416,48.7786908
265,-113.4909267,53.544389
266,-112.982038,53.781261
267,-75.456654,46.7019779
268,-101.8762148,54.7657685
269,-111.636785,57.186758
270,-111.3803407,56.7263796
271,-113.2094659,53.7007157
272,-120.846409,56.252423
273,-66.6431151,45.9635895
274,-75.7012723,45.4765446
275,-81.7562242,43.3130397
276,-55.6575025,48.9276687
277,-118.7986152,55.1699396
278,-80.2481666,43.5448048
279,-63.5753196,44.6488625
280,-79.8660914,43.2500208
281,-121.4424751,49.3829931
282,-126.6482087,54.3979972
283,-120.3272674,50.674522
284,-76.4859544,44.2311717
285,-80.4771472,43.4129238
286,-72.649283,48.7136466
287,-71.2496433,45.4018576
288,-75.992255,45.68621
289,-72.271136,47.66173
290,-112.7795395,53.7601979
291,-123.479057,49.433873
292,-122.5593218,49.0743308
293,-73.712409,45.6066487
294,-72.110739,46.297243
295,-81.243177,42.9869502
296,-73.5107131,45.5369442
297,-79.6441198,43.5890452
298,-64.7782313,46.0878165
299,-73.567256,45.5016889
300,-75.1833966,44.8977889
301,-52.8076818,47.5206407
302,-123.9400647,49.1658836
303,-117.2948343,49.4928119
304,-79.461256,44.059187
305,-126.8286524,65.2814938
306,-79.4608204,46.3091152
307,-123.0732801,49.3269904
308,-70.392222,46.825481
309,-79.6876659,43.467517
310,-78.8657912,43.8970929
311,-75.6971931,45.4215296
312,-80.034783,45.3473925
313,-77.2828772,45.8982631
314,-78.319747,44.309058
315,-62.720603,45.679332
316,-124.8055494,49.2338882
317,-61.3585543,45.6276473
318,-122.8677562,49.2849107
319,-81.2156329,42.6641353
320,-124.5247062,49.8352352
321,-122.7496693,53.9170641
322,-73.5491361,52.9399159
323,-122.4949058,52.9817372
324,-104.6188944,50.4452112
325,-123.133569,49.1665898
326,-79.0187836,48.2342362
327,-71.0684923,48.4280529
328,-66.0633081,45.2733153
329,-74.482001,46.110407
330,-73.2544903,45.305771
331,-69.877795,47.844387
332,-72.62634,46.059798
333,-82.4065901,42.974536
334,-106.6700458,52.1332144
335,-84.3460896,46.521858
336,-77.2411674,48.390597
337,-71.8824288,45.4009928
338,-80.3040424,42.8372632
339,-79.4013593,43.7564976
340,-79.2468626,43.1593745
341,-52.7128315,47.5605413
342,-70.857041,45.865231
343,-72.4151279,45.3169427
344,-80.9530353,46.522099
345,-122.801094,49.1044302
346,-60.194224,46.1367899
347,-128.603154,54.5181925
348,-63.762237,45.720398
349,-89.2476823,48.3808951
350,-71.943945,45.88116
351,-79.3831843,43.653226
352,-72.5837866,46.3546803
353,-123.1207375,49.2827291
354,-124.0129801,54.0139798
355,-73.4374973,45.6810341
356,-123.3656444,48.4284207
357,-123.1667847,49.3348973
358,-135.0568449,60.7211871
359,-122.1416885,52.1416736
360,-83.0363633,42.3149367
361,-97.1374937,49.8997541
362,-114.3717886,62.4539717
363,-71.0828027,-30.2357949
364,-70.3975022,-23.6509279
365,-70.3125988,-18.4782534
366,-70.3321587,-27.3665763
367,-71.3389183,-29.9590009
368,-72.068265,-45.5712254
369,-71.2528803,-34.9779853
370,-71.2192,-28.4664
371,-71.5723953,-35.5163603
372,-73.1149469,-40.5761897
373,-72.6,-38.7667
374,-70.9170683,-53.1638329
375,-71.4408752,-33.0482707
376,-70.7406259,-34.1701324
377,-70.8674411,-34.4023791
378,-70.9907801,-34.5858603
379,-70.6692655,-33.4488897
380,-70.9273937,-33.6637468
381,-71.6484804,-35.4232444
382,-72.5903739,-38.7359018
383,-73.2425333,-39.8173788
384,-71.6126885,-33.047238
385,-71.5500276,-33.0153481
386,122.994329,41.108647
387,114.392393,36.097577
388,115.46459,38.874434
389,107.237743,34.363184
390,109.840349,40.657378
391,109.120161,21.481291
392,116.407395,39.904211
393,123.685143,41.486981
394,117.9707,37.38198
395,116.838835,38.304477
396,125.323544,43.817072
397,111.698497,29.031673
398,120.4694642,23.9879194
399,112.938814,28.228209
400,120.752481,31.654376
401,113.116404,36.195409
402,119.974062,31.811226
403,116.622756,23.656704
404,117.96275,40.952942
405,104.066801,30.572816
406,120.2554615,23.4518428
407,118.886856,42.257817
408,106.551556,29.56301
409,121.614682,38.914003
410,124.354451,40.000787
411,125.103784,46.58931
412,113.300129,40.076763
413,104.397894,31.126856
414,116.357465,37.434093
415,113.7518,23.020673
416,118.674767,37.434751
417,109.781327,39.608266
418,113.121436,23.021479
419,123.957208,41.880872
420,115.814205,32.890124
421,119.296494,26.074508
422,113.264385,23.12911
423,110.179954,25.234479
424,106.630154,26.647661
425,110.198293,20.044002
426,121.181615,31.871173
427,114.538962,36.625657
428,120.15507,30.274085
429,126.534967,45.803775
430,117.227219,31.820592
431,115.670177,37.73892
432,114.700961,23.743686
433,115.480656,35.23375
434,111.749181,40.842585
435,114.109497,22.396428
436,120.9674798,24.8138287
437,119.015288,33.61036
438,121.6015714,23.9871589
439,114.415801,23.112257
440,120.83694,40.711041
441,120.086823,30.894348
442,113.081508,22.579117
443,120.284939,31.920658
444,102.1923901,28.2901249
445,120.033382,36.26468
446,113.241823,35.215893
447,120.758543,30.753924
448,98.289152,39.77313
449,116.372831,23.549993
450,126.549572,43.837883
451,120.447161,36.389402
452,117.12,36.651216
453,102.188043,38.520089
454,112.239741,30.335165
455,119.647421,29.079175
456,116.587282,35.414982
457,119.597897,31.723248
458,121.782769,39.05046
459,116.00193,29.705077
460,119.168695,31.944999
461,114.307583,34.797281
462,120.3014353,22.6272784
463,84.889207,45.579889
464,121.7391815,25.1275997
465,118.3761111,24.4458333
466,86.174633,41.725891
467,102.832892,24.880095
468,120.980737,31.385598
469,117.676724,36.213814
470,120.51769,36.889084
471,119.942327,37.177017
472,116.683752,39.538047
473,103.834304,36.061089
474,91.17211,29.652491
475,119.221611,34.596653
476,115.98546,36.45703
477,113.2804791,22.7216688
478,119.724733,30.233873
479,111.518976,36.088005
480,118.356414,35.104674
481,119.922796,28.46763
482,109.42841,24.326038
483,119.484211,31.416911
484,112.45404,34.619683
485,105.442258,28.871811
486,118.50676,31.670452
487,110.925456,21.662999
488,116.122239,24.288615
489,104.678946,31.467495
490,120.8214265,24.560159
491,129.633169,44.551653
492,115.858198,28.682892
493,106.110698,30.837793
494,118.796877,32.060255
495,108.366543,22.817002
496,120.894291,31.980172
497,120.9718638,23.9609981
498,121.4570447,25.0622095
499,121.54399,29.868336
500,122.070714,41.119997
501,101.718637,26.582347
502,121.015142,30.677233
503,120.758848,37.810661
504,113.192661,33.76617
505,119.98842,36.776358
506,120.492619,23.280372
507,120.382609,36.067108
508,113.056031,23.681764
509,119.600493,39.935385
510,123.918186,47.354348
511,118.675676,24.874132
512,103.796167,25.49
513,118.859457,28.97008
514,119.526925,35.416734
515,122.486658,37.16516
516,121.539764,36.919816
517,111.200367,34.772792
518,109.511909,18.252847
519,121.473701,31.230416
520,116.681972,23.354091
521,115.375159,22.786186
522,113.597547,24.810329
523,120.586109,29.995762
524,123.431472,41.805699
525,114.057865,22.543096
526,114.51486,38.042307
527,106.383304,38.983236
528,118.79074,36.85576
529,118.275198,33.963232
530,120.58529,31.298979
531,117.087614,36.200252
532,121.13055,31.457735
533,120.6746691,24.1631651
534,117.12,36.651216
535,121.5654177,25.0329694
536,121.0713702,22.7972447
537,112.548879,37.87059
538,121.42076,28.65638
539,118.180194,39.630867
540,111.488925,28.902503
541,117.200983,39.084158
542,108.945233,34.896756
543,87.616848,43.825592
544,121.979603,39.627114
545,119.161749,36.706962
546,122.12042,37.513068
547,109.509786,34.499995
548,122.057941,37.193886
549,120.699362,27.993828
550,114.305393,30.593099
551,118.432941,31.352859
552,120.645158,31.138677
553,120.31191,31.49117
554,118.089425,24.479834
555,108.93977,34.341575
556,112.944049,27.829738
557,108.708991,34.329605
558,114.504844,37.070589
559,101.778224,36.617134
560,117.284124,34.205768
561,109.489757,36.585445
562,120.16366,33.347316
563,111.982232,21.857958
564,113.580519,37.856972
565,119.412947,32.394213
566,121.447935,37.463822
567,104.643215,28.751769
568,111.286471,30.691967
569,129.567985,46.324534
570,106.230909,38.487194
571,122.235418,40.667012
572,120.07514,29.306757
573,119.823308,31.340637
574,113.12873,29.356804
575,112.044491,22.915094
576,109.734589,38.28539
577,102.527197,24.347324
578,117.323725,34.810488
579,120.556005,31.875572
580,110.479191,29.117096
581,114.886335,40.767545
582,117.526228,36.681259
583,110.359336,21.270746
584,112.465091,23.047192
585,120.434072,37.355469
586,113.625328,34.746611
587,119.425836,32.187849
588,113.392725,22.516999
589,122.207216,29.985295
590,113.576678,22.270978
591,120.246863,29.708692
592,113.133853,27.827987
593,118.054927,36.813487
594,104.778442,29.33903
595,106.927389,27.725654
596,-75.6756888,4.5350004
597,-73.615679,5.934363
598,-75.5595887,6.3367288
599,-74.072092,4.7109886
600,-73.1227416,7.119349
601,-75.2479061,5.29826
602,-76.5319854,3.4516467
603,-74.248926,11.007984
604,-75.505078,6.357621
605,-75.449517,6.378322
606,-75.6146712,6.1675682
607,-75.635586,6.138751
608,-75.5138166,5.070275
609,-75.5645737,6.2530408
610,-77.285787,1.2058837
611,-75.61682,6.150559
612,-74.2110227,11.2403547
613,-73.2436335,10.4742449
614,-84.4382721,10.391583
615,-85.589507,10.4066158
616,-83.6773928,9.7539596
617,-84.0167423,10.473523
618,-84.0114544,10.0101333
619,-84.0907246,9.9280694
620,-84.183075,9.9268984
621,16.7763267,45.4792811
622,18.6955144,45.5549624
623,14.442176,45.3270631
624,16.3731156,45.4850767
625,15.981919,45.8150108
626,33.0535774,35.0492922
627,33.4831906,34.8507206
628,33.0226174,34.7071301
629,33.3822764,35.1855659
630,32.4297369,34.7720133
631,14.0862836,49.9672047
632,15.0519982,49.7627988
633,16.6068371,49.1950602
634,14.5396991,50.6785201
635,14.480255,48.9756578
636,18.6237961,49.7470441
637,12.3698636,50.0795334
638,13.410737,50.4634975
639,14.2127612,50.7725563
640,18.3673216,49.6819305
641,18.4306254,49.7803923
642,15.825211,50.2103605
643,14.2236826,49.6852713
644,15.361044,50.4353325
645,15.5870415,49.3983782
646,12.8719616,50.2318521
647,18.5432186,49.8566524
648,14.1067465,50.1416986
649,15.2686536,49.9524314
650,15.0543387,50.76628
651,14.1305458,50.5384197
652,14.908438,50.4134249
653,13.6329122,50.5015549
654,17.240275,49.6046297
655,17.8947989,49.9406598
656,18.4250078,49.8701377
657,18.2625243,49.8209226
658,15.7811994,50.0343092
659,13.3736371,49.7384314
660,14.4378005,50.0755381
661,17.45023,49.4564788
662,13.9989449,49.685432
663,17.1067513,49.4724489
664,16.2776842,50.1659651
665,12.6598918,50.1745286
666,13.0692098,49.553735
667,14.6774664,49.4129888
668,15.3078824,50.7375286
669,13.835284,50.6444579
670,15.8795516,49.2147869
671,18.6707901,49.677631
672,15.9090923,50.5653838
673,17.4958501,49.0597969
674,14.0531456,50.6611164
675,14.1751311,49.1478969
676,17.9938523,49.3389251
677,16.9960993,49.2774517
678,17.6627635,49.2244365
679,16.0542676,48.8559107
680,9.921747,57.0488195
681,10.203921,56.162939
682,12.5683371,55.6760968
683,10.7103153,54.7291484
684,10.40237,55.403756
685,-78.6228504,-1.2543408
686,-79.0058965,-2.9001285
687,-78.1222336,0.3391763
688,-78.52065,-0.7754954
689,-80.7089101,-0.9676533
690,-79.5940544,-2.1387682
691,-80.4524903,-1.054723
692,-78.4678382,-0.1806532
693,-79.1774268,-0.2389045
694,NA,NA
695,31.2357116,30.0444196
696,-89.2181911,13.6929403
697,27.2797506,59.3974738
698,28.1791333,59.3796798
699,24.7535746,59.4369608
700,26.7290063,58.3776252
701,22.1413063,61.3137102
702,24.938379,60.1698557
703,24.8580797,60.6299525
704,28.7651478,61.1713845
705,25.7472567,62.2426034
706,27.7286008,64.2270558
707,26.9459403,60.4665666
708,26.7041601,60.8678835
709,27.6781725,62.89797
710,25.6612096,60.9826749
711,28.1896628,61.0549929
712,24.0674709,60.251176
713,27.2721457,61.6887271
714,23.6840919,67.9552873
715,25.4650773,65.0120888
716,22.712569,63.6742439
717,21.7974178,61.4851393
718,24.4790186,64.6846329
719,23.7609535,61.4977524
720,22.2666303,60.4518126
721,21.6164564,63.095089
722,24.0310372,61.2649926
723,25.0377686,60.2933524
724,27.7068983,60.5828728
725,0.616363,44.203142
726,-0.138802,46.82465
727,5.447427,43.529742
728,8.738635,41.919229
729,6.392726,45.675535
730,2.1486413,43.9250853
731,2.295753,49.894067
732,-0.563166,47.478419
733,-1.514699,43.481402
734,0.1562369,45.648377
735,6.129384,45.899247
736,6.234158,46.193253
737,7.125102,43.580418
738,4.6277769,43.676647
739,2.884218,50.691652
740,1.61634,50.128144
741,6.088963,48.890533
742,2.444997,44.930953
743,3.573781,47.798202
744,4.805528,43.949317
745,-1.113732,46.134424
746,-61.6481441,16.2073497
747,5.158238,48.773605
748,-0.516238,44.899835
749,9.450881,42.697283
750,-1.474841,43.492949
751,2.0807123,49.4295387
752,6.863849,47.639674
753,5.380236,49.174572
754,6.0240539,47.237829
755,1.606142,43.800464
756,4.064101,49.285437
757,2.63926,50.531036
758,-0.39742,43.302207
759,-0.355226,43.288931
760,6.053062,48.8811589
761,1.3359475,47.5860921
762,2.439712,48.908612
763,2.234933,48.369762
764,-0.57918,44.837789
765,1.613334,50.725231
766,5.2255007,46.2051675
767,2.398782,47.081012
768,4.894633,44.947037
769,5.27212,45.597108
770,-4.486076,48.390394
771,1.533937,45.159555
772,-0.370679,49.182863
773,7.14882,43.663739
774,1.858686,50.95129
775,3.236633,50.173538
776,1.994726,50.611291
777,7.017369,43.552847
778,2.374221,50.9987629
779,6.714006,49.167409
780,3.84397,50.092535
781,2.241295,43.606214
782,-0.002211,48.748573
783,2.060325,49.035617
784,0.127341,48.4411
785,4.363073,48.956682
786,4.853947,46.780764
787,3.060484,45.77412
788,5.917781,45.564601
789,6.869433,45.923697
790,4.836557,46.820327
791,4.726096,49.762085
792,5.164636,43.38296
793,1.686779,46.811434
794,7.399494,48.272518
795,3.219421,49.615576
796,-1.622137,49.6337308
797,-0.879787,47.059407
798,3.087025,45.777222
799,-0.328744,45.691046
800,7.358512,48.0793589
801,7.31775,43.815268
802,3.083497,48.813071
803,2.4783913,49.2576872
804,5.882983,45.284906
805,4.999293,47.35172
806,-1.051945,43.708608
807,3.397325,50.328225
808,1.077483,49.922992
809,5.04148,47.322047
810,5.49081,47.09534
811,-2.074694,47.318789
812,3.080602,50.367874
813,1.370889,48.736134
814,2.3767763,51.0343684
815,5.718034,45.142151
816,3.956242,49.043411
817,6.449403,48.172402
818,3.561396,50.424383
819,1.151361,49.0270129
820,4.859394,45.673616
821,6.205573,48.625632
822,6.118282,49.321374
823,5.688211,45.192754
824,2.70162,48.404676
825,6.895295,49.186515
826,-61.0587804,14.6160647
827,4.945711,43.437882
828,1.866658,49.065909
829,6.125737,48.56409
830,-1.934206,47.244253
831,6.208959,46.184685
832,6.1353099,49.272195
833,6.079758,44.559638
834,5.4717363,43.4525982
835,5.001291,45.732041
836,2.293275,48.925525
837,2.4497721,48.9864632
838,1.007075,49.357383
839,2.302577,51.013547
840,2.125537,50.98707
841,5.724524,45.188529
842,1.871452,46.169599
843,-1.841174,47.824931
844,6.062166,49.329827
845,6.965907,48.6940079
846,3.337115,50.369348
847,6.128639,43.120541
848,-0.350503,49.140254
849,3.248128,45.54151
850,1.988654,46.947535
851,5.779232,49.0672659
852,0.6613099,47.351861
853,-0.45693,48.647835
854,0.101397,45.608466
855,6.4159133,45.4869321
856,4.81522,45.726843
857,-1.151139,46.160329
858,-1.426442,46.670511
859,4.432911,45.480702
860,-0.732981,46.660858
861,-0.5386689,43.375555
862,-0.7669906,48.0785146
863,4.4278,46.805351
864,0.107929,49.49437
865,-60.9889238,14.6276432
866,0.199556,48.00611
867,1.325705,45.866629
868,1.054325,49.429895
869,4.863831,43.9591489
870,3.882936,45.042768
871,5.227126,45.657669
872,3.1275858,45.7016952
873,2.83183,50.42893
874,1.694777,47.0201909
875,2.8062048,45.9314488
876,4.626513,49.88797
877,6.733282,49.159773
878,3.057256,50.62925
879,1.261105,45.833619
880,0.227849,49.145922
881,2.6327379,48.836571
882,5.800257,49.533942
883,5.550796,46.671361
884,-3.3702449,47.7482524
885,-0.045726,43.091463
886,9.417275,42.547134
887,1.466895,48.439575
888,4.092158,43.677936
889,6.492339,48.592237
890,4.835659,45.764043
891,4.828731,46.3068839
892,6.216409,49.171604
893,5.790916,43.835744
894,3.096267,50.670368
895,5.218332,43.4212739
896,0.159869,44.500484
897,5.36978,43.296482
898,5.053728,43.404811
899,3.9031459,47.8507532
900,3.9674,50.280228
901,2.6554,48.542105
902,-0.656358,44.8448769
903,6.1757156,49.1193089
904,3.606834,43.4255939
905,5.002136,43.588896
906,4.954543,45.824508
907,6.834709,47.29717
908,6.798466,47.510356
909,4.362979,46.67413
910,-0.499782,43.893485
911,2.6019912,46.3415466
912,3.876716,43.610769
913,7.335888,47.750839
914,8.147462,48.920143
915,6.184417,48.692054
916,-1.553621,47.218371
917,6.106728,48.614365
918,3.162845,46.990896
919,7.2619532,43.7101728
920,4.360054,43.836699
921,-0.464777,46.323716
922,2.662174,50.481212
923,2.481699,48.837631
924,2.464688,49.278948
925,0.755175,49.496075
926,4.9503199,47.137985
927,1.909251,47.902964
928,1.59255,50.706513
929,5.655335,46.257773
930,2.40963,48.894533
931,3.610482,46.656629
932,2.3522219,48.856614
933,6.684919,45.923392
934,-0.370797,43.2951
935,7.382182,43.777924
936,0.7211149,45.184029
937,2.8948332,42.6886591
938,0.180711,43.629637
939,1.989462,44.079822
940,0.340375,46.580224
941,6.054868,48.90329
942,4.985931,43.405449
943,4.884814,44.875215
944,4.803225,43.387847
945,1.6735549,48.861682
946,5.066754,45.752953
947,2.23964,48.884748
948,-4.097899,47.997542
949,3.277541,45.104799
950,1.829079,48.643868
951,4.031696,49.258329
952,-1.6777926,48.117266
953,-2.1070319,47.597764
954,4.615349,45.527692
955,4.072695,46.034432
956,5.23463,43.487871
957,4.67193,45.388011
958,5.052735,45.044236
959,3.177847,50.6927049
960,1.099971,49.443232
961,0.5916408,45.9119502
962,5.292936,43.902293
963,0.814777,45.87062
964,-2.765835,48.51418
965,4.090409,47.271968
966,4.5127119,45.476088
967,2.357443,48.936181
968,-0.442238,47.790671
969,4.947418,48.637692
970,0.954487,49.9054069
971,4.056495,48.293191
972,-0.349277,48.097456
973,4.3871779,45.439695
974,-1.78059,47.276451
975,4.853374,45.708874
976,3.804436,43.69208
977,5.817615,46.059341
978,1.970843,47.912048
979,6.344886,45.275403
980,-1.519935,49.528928
981,6.202202,49.1336579
982,6.404084,45.255932
983,0.901165,45.88716
984,2.801689,50.300542
985,4.699936,44.05483
986,-1.0828136,49.1154686
987,7.563934,47.5859949
988,5.767761,45.165133
989,2.35001,49.107764
990,5.715194,43.910292
991,-2.213848,47.2734979
992,5.274508,44.570334
993,7.122138,43.696973
994,-0.610155,49.18035
995,3.2874,49.847066
996,1.238762,48.7624939
997,4.817731,45.344334
998,2.836113,50.5380309
999,5.097022,43.640199
1000,2.247804,49.870724
1001,7.070862,49.106031
1002,8.8307626,41.9997675
1003,-61.0995447,14.6478668
1004,6.923948,49.220507
1005,3.28268,48.20065
1006,7.7521113,48.5734053
1007,-0.588054,44.802614
1008,0.078082,43.232951
1009,-0.809343,43.832059
1010,4.809996,45.603447
1011,6.168426,49.357571
1012,5.928,43.124228
1013,1.444209,43.604652
1014,3.16207,50.724993
1015,0.68484,47.394144
1016,2.557211,48.979952
1017,4.0744009,48.2973451
1018,1.771697,45.26565
1019,1.217085,49.272602
1020,4.89236,44.933393
1021,3.518332,50.357113
1022,-2.760847,47.658236
1023,4.922661,45.782029
1024,9.173558,42.233893
1025,3.671497,49.1041219
1026,6.15428,47.619788
1027,4.874339,45.525587
1028,2.069791,47.221438
1029,5.66912,45.056206
1030,7.5711285,47.6055952
1031,4.718821,45.991471
1032,2.710694,47.990319
1033,4.8901709,45.771944
1034,-0.404359,46.148411
1035,2.39851,48.792001
1036,5.9434965,48.2025406
1037,5.591349,45.362713
1038,7.356399,49.12171
1039,2.852404,50.494578
1040,42.8315217,41.7555687
1041,44.827096,41.7151377
1042,6.0838868,50.7753455
1043,10.0971163,48.8366887
1044,12.4366572,50.9931202
1045,13.0075835,50.578587
1046,10.5719357,49.3004246
1047,12.1893693,50.0577948
1048,9.1355554,49.9806625
1049,10.89779,48.3705449
1050,8.943719,51.435531
1051,8.2285242,48.76564
1052,10.9027636,49.8988135
1053,14.4237749,51.182293
1054,9.7973417,50.9688842
1055,13.404954,52.5200066
1056,11.7537327,51.7833579
1057,9.2248635,48.6762524
1058,9.7901525,48.0951473
1059,8.5324708,52.0302285
1060,12.3276868,51.626359
1061,7.0982068,50.73743
1062,6.8594477,51.8482714
1063,12.4923222,51.1245977
1064,6.9446888,51.529086
1065,8.8016937,53.0792962
1066,9.1338853,53.8988902
1067,14.0735499,52.5680243
1068,12.8310753,48.1725613
1069,11.4744386,48.2290733
1070,12.9213697,50.827845
1071,10.962695,50.2612094
1072,13.0111111,51.3033333
1073,14.3328679,51.7563108
1074,8.6511929,49.8728253
1075,7.3348301,51.6461362
1076,12.2424516,51.8222436
1077,10.4940239,48.5790918
1078,7.4652981,51.5135872
1079,10.3864559,50.5597461
1080,13.7372621,51.0504088
1081,6.7623293,51.4344079
1082,7.3048053,49.4161821
1083,6.7734556,51.2277411
1084,14.6419022,52.1436615
1085,11.0298799,50.9847679
1086,9.1959328,48.3510452
1087,7.0115552,51.4556432
1088,9.4469964,54.7937431
1089,8.6821267,50.1109221
1090,8.6821267,50.1109221
1091,13.341727,50.9128283
1092,7.8421043,47.9990077
1093,9.4800113,47.6617648
1094,8.8318433,49.6621883
1095,10.7905955,50.6786307
1096,7.0857172,51.517744
1097,12.0807203,50.8850706
1098,12.5451713,50.8187761
1099,9.9158035,51.5412804
1100,11.36673,53.3064042
1101,14.968707,51.1506269
1102,9.9936818,53.5510846
1103,8.9283105,50.1264123
1104,7.1911567,51.4018117
1105,8.6724335,49.3987524
1106,7.947323,50.7780348
1107,7.8274,49.2704
1108,6.8881425,50.8805932
1109,11.4257541,48.7665351
1110,7.7491265,49.4400657
1111,8.4036527,49.0068901
1112,9.4797461,51.3127114
1113,7.8160821,48.5788725
1114,11.886563,48.9184118
1115,10.3157835,47.7285699
1116,9.1667763,49.8722681
1117,12.4681708,50.370718
1118,7.5889959,50.3569429
1119,6.9602786,50.937531
1120,9.1732384,47.6779496
1121,6.5853417,51.3387609
1122,11.4448178,50.1039282
1123,12.1468532,48.5441917
1124,7.2015287,49.7186412
1125,12.0242284,51.3232659
1126,7.0192196,51.0459248
1127,8.0795783,50.3986005
1128,9.6789333,47.5797815
1129,10.6865593,53.8654673
1130,9.195464,48.8940624
1131,8.44518,49.47741
1132,7.5285074,51.6104829
1133,8.2472526,49.9928617
1134,8.4660395,49.4874592
1135,8.7667933,50.8021728
1136,14.2504886,53.5203063
1137,9.0041618,49.6799613
1138,6.4428041,51.1804572
1139,6.8845226,51.4185682
1140,11.5819806,48.1351253
1141,7.6261347,51.9606649
1142,6.2721001,51.3262794
1143,13.2779269,53.5678292
1144,8.5885482,48.8465473
1145,13.0493263,53.1450312
1146,9.2758255,48.6820992
1147,12.7990783,52.9154545
1148,8.1486886,49.3501864
1149,11.7670734,48.8030062
1150,10.0060398,48.3906042
1151,7.4664546,50.4361866
1152,6.470278,50.8766134
1153,10.791581,51.4990791
1154,11.07675,49.45203
1155,7.8986902,47.9008164
1156,8.0471788,52.2799112
1157,8.6946286,48.8921862
1158,12.1368679,50.4976133
1159,10.858056,51.338889
1160,13.0644729,52.3905689
1161,13.6493707,51.1115648
1162,6.8401844,51.2964148
1163,8.4529177,50.0104109
1164,12.1016236,49.0134297
1165,9.2038043,48.5069389
1166,8.4671693,49.8431788
1167,6.9969327,49.2401572
1168,6.7522865,49.3134606
1169,NA,NA
1170,12.1091352,49.3198883
1171,14.2734639,53.0624695
1172,10.2194228,50.0492047
1173,7.5668312,51.4448257
1174,6.2992299,50.6061308
1175,8.105754,51.5711476
1176,7.0831408,51.1702072
1177,9.1829321,48.7758459
1178,11.7554254,49.4969642
1179,9.6559606,49.6263199
1180,12.583633,49.4369945
1181,6.6371433,49.749992
1182,12.5552575,48.0252373
1183,9.9876076,48.4010822
1184,7.6853114,51.5426349
1185,8.4640869,48.0594021
1186,13.7859827,48.6006244
1187,9.9333333,50.5
1188,12.1489337,49.6743636
1189,7.6198121,47.5934368
1190,6.6295679,51.6643079
1191,8.3098216,54.9085342
1192,8.5081646,50.5589802
1193,8.2397608,50.0782184
1194,8.6962064,49.2953714
1195,9.77869,51.3270391
1196,10.7865461,52.4226503
1197,8.3507182,49.6341372
1198,8.257338,49.0514423
1199,9.9533548,49.7913044
1200,12.1402795,51.0443266
1201,10.6649645,50.658799
1202,12.6888015,54.4357158
1203,23.8218079,38.0135829
1204,23.807655,38.0549562
1205,23.7275388,37.9838096
1206,22.816667,40.666667
1207,22.4191254,39.6390224
1208,NA,NA
1209,21.734574,38.2466395
1210,23.6469832,37.9429857
1211,22.9444191,40.6400629
1212,22.942159,39.3621896
1213,-90.5068824,14.6349149
1214,-87.192136,14.0722751
1215,17.5517783,47.1036349
1216,19.040235,47.497912
1217,21.6273123,47.5316049
1218,18.9355227,46.9619059
1219,18.7434452,47.7883949
1220,17.6503974,47.6874569
1221,21.2071561,48.48169
1222,20.6189771,48.2489437
1223,20.762386,48.0963631
1224,21.7244053,47.9495324
1225,18.232266,46.0727345
1226,16.8613408,47.6315873
1227,16.5844795,47.6816619
1228,18.9096709,47.3083325
1229,20.1414253,46.2530102
1230,18.404818,47.569246
1231,17.9093019,47.1028087
1232,-18.1261693,65.6884921
1233,-21.9684626,64.0291054
1234,-21.8174393,64.1265206
1235,78.0080745,27.1766701
1236,72.5713621,23.022505
1237,92.7176389,23.727107
1238,77.0219019,20.7059345
1239,76.3388484,9.4980667
1240,81.846311,25.4358011
1241,76.6345735,27.5529907
1242,77.7795513,20.9374238
1243,74.8722642,31.6339793
1244,85.1510818,20.8444033
1245,73.0151984,21.6264236
1246,75.3433139,19.8761653
1247,76.7913558,30.9578258
1248,86.9246005,21.4869337
1249,77.5945627,12.9715987
1250,84.7940911,19.3149618
1251,81.3509416,21.1938475
1252,77.412615,23.2599333
1253,85.8245398,20.2960587
1254,90.5352356,26.5009992
1255,76.7794179,30.7333148
1256,79.3014845,19.9704597
1257,80.2707184,13.0826802
1258,79.1003289,13.217176
1259,76.9558321,11.0168445
1260,85.8829895,20.462521
1261,78.0321918,30.3164945
1262,77.2090212,28.6139391
1263,75.9238397,14.4663438
1264,76.0507949,22.9622672
1265,86.4303859,23.7956531
1266,94.9119621,27.4728327
1267,93.7536663,25.8629885
1268,87.3119227,23.5204443
1269,77.3177894,28.4089123
1270,78.3957574,27.1591006
1271,75.9434209,30.8587468
1272,93.962337,26.5238515
1273,80.4365402,16.3066525
1274,91.7362365,26.1445169
1275,78.1828308,26.2182871
1276,76.0995519,13.0068142
1277,88.2636394,22.5957689
1278,78.486671,17.385044
1279,75.8577258,22.7195687
1280,75.7872709,26.9124336
1281,75.5761829,31.3260152
1282,75.5626039,21.0076578
1283,74.8570259,32.7266016
1284,70.05773,22.4707019
1285,78.5684594,25.4484257
1286,73.0243094,26.2389469
1287,82.2474648,16.9890648
1288,80.3318736,26.449923
1289,76.2112286,30.697852
1290,77.8538797,28.2513538
1291,76.2673041,9.9312328
1292,94.1053307,25.6585963
1293,74.2432527,16.7049873
1294,88.363895,22.572646
1295,76.6141396,8.8932118
1296,82.7500595,22.3594501
1297,75.8647527,25.2138156
1298,80.6143961,17.5560036
1299,76.5221531,9.5915668
1300,75.78041,11.2587531
1301,78.0372792,15.8281257
1302,80.946166,26.8466937
1303,75.8572758,30.900965
1304,78.1197754,9.9252007
1305,95.6694606,27.2910662
1306,77.7064137,28.9844618
1307,72.8776559,19.0759837
1308,92.6840426,26.3463713
1309,75.4169918,23.4454599
1310,79.0881546,21.1458004
1311,91.4410527,26.4446185
1312,79.2620294,17.0575707
1313,77.3209555,19.1382514
1314,73.7898023,19.9974533
1315,73.0296625,19.0330488
1316,76.3550457,31.3866405
1317,79.986456,14.4425987
1318,77.3910265,28.5355161
1319,73.8278496,15.4909301
1320,76.9614255,30.8371639
1321,76.7870414,9.2647582
1322,76.3868797,30.3397809
1323,85.1375645,25.5940947
1324,79.8144722,11.9138598
1325,73.8567437,18.5204303
1326,81.2408689,26.2345298
1327,81.6296413,21.2513844
1328,70.8021599,22.3038945
1329,79.4816378,18.7595503
1330,87.0923906,23.6290575
1331,83.4163226,19.171209
1332,78.2676116,30.0869281
1333,84.8535844,22.260423
1334,78.1460142,11.664325
1335,83.9811665,21.4668716
1336,74.5814773,16.8523973
1337,91.8932535,25.5787726
1338,77.1734033,31.1048145
1339,94.6424521,26.9826098
1340,92.7789054,24.8332708
1341,82.6645469,24.1992101
1342,75.9063906,17.6599188
1343,72.8310607,21.1702401
1344,92.7925592,26.6528495
1345,72.9780897,19.2183307
1346,76.9366376,8.5241391
1347,95.346775,27.4921909
1348,78.7046725,10.7904833
1349,90.2032141,25.5140712
1350,73.712479,24.585445
1351,75.7849097,23.1793013
1352,73.1812187,22.3071588
1353,72.9106202,20.3893155
1354,82.9739144,25.3176452
1355,83.2184815,17.6868159
1356,79.5940544,17.9689008
1357,107.6191228,-6.9174639
1358,48.6706187,31.3183272
1359,49.7013486,34.0953553
1360,NA,NA
1361,50.8379918,28.9780255
1362,48.5150225,34.7988575
1363,51.6679826,32.6546275
1364,57.0833628,30.2839379
1365,47.0536816,34.3137505
1366,59.6167549,36.2604623
1367,NA,NA
1368,50.0673777,36.1840731
1369,49.5891233,37.2682177
1370,NA,NA
1371,46.9861647,35.3218748
1372,53.0586328,36.5658729
1373,53.3798108,35.578797
1374,NA,NA
1375,52.5836982,29.5917677
1376,46.2738013,38.096239
1377,51.3889736,35.6891975
1378,45.0786282,37.5498061
1379,51.6471987,35.3252407
1380,51.5875235,30.6683832
1381,61.4902483,31.0323677
1382,48.5087209,36.6830045
1383,44.3614875,33.3128057
1384,-6.1820798,53.6083194
1385,-6.1110741,53.200903
1386,-9.2879257,53.8550014
1387,-6.2603097,53.3498053
1388,-8.9887384,52.8474255
1389,-9.0567905,53.270668
1390,-7.793109,53.7275564
1391,-9.9033333,53.3247222
1392,35.287922,32.610493
1393,35.214862,31.261447
1394,34.655314,31.804381
1395,34.5742523,31.6687885
1396,34.597146,31.648125
1397,34.791462,31.252973
1398,34.988099,31.747041
1399,34.835226,32.084932
1400,34.904544,32.519016
1401,34.951925,29.557669
1402,34.564889,31.55984
1403,34.7770192,31.8123014
1404,34.808871,32.072176
1405,34.612156,31.591461
1406,34.9196518,32.4340458
1407,34.989571,32.7940463
1408,34.787384,32.015833
1409,35.21371,31.768319
1410,34.921347,31.848024
1411,35.292417,32.914671
1412,35.098414,32.891218
1413,35.119773,32.809144
1414,35.088407,32.832154
1415,34.746996,31.730202
1416,35.127483,32.716221
1417,35.002462,31.90912
1418,35.049191,32.7649
1419,34.68254,31.82552
1420,34.638071,31.692156
1421,34.972318,32.478418
1422,34.887762,32.084041
1423,34.871326,32.184781
1424,34.824785,32.068424
1425,34.811272,31.892773
1426,34.676849,31.645723
1427,34.595581,31.522694
1428,34.7817676,32.0852999
1429,35.148529,32.517127
1430,34.739449,31.877958
1431,35.034651,32.365684
1432,11.8630202,42.7477229
1433,13.3412036,41.7252936
1434,8.0356911,44.7009153
1435,8.2156113,44.0494254
1436,8.5099097,44.3362409
1437,8.6116796,44.9072727
1438,12.0430671,44.5059036
1439,11.9005017,42.1557504
1440,13.1513636,41.745324
1441,7.3130762,45.7349551
1442,12.6560314,41.5944018
1443,11.8796336,43.4632839
1444,18.0906543,40.3364798
1445,8.9977583,39.2915003
1446,8.2064257,44.9007512
1447,14.7906121,40.914388
1448,11.4930559,45.0930208
1449,16.8718715,41.1171432
1450,11.7272747,45.7657286
1451,12.2167088,46.1424635
1452,14.7826208,41.1297613
1453,9.6772698,45.6982642
1454,9.6687882,45.2345995
1455,9.9527038,44.9865659
1456,8.0583397,45.5628842
1457,11.3426163,44.494887
1458,11.3547582,46.4982953
1459,7.6548472,45.1517706
1460,11.4626055,46.0528053
1461,11.1924448,45.0411979
1462,8.2905839,45.7110753
1463,10.3704671,46.4663571
1464,11.0270741,45.6201376
1465,10.2118019,45.5415526
1466,11.6572436,46.7177048
1467,17.9417616,40.6327278
1468,11.9380416,46.7965736
1469,8.8531265,45.611892
1470,9.1216613,39.2238411
1471,8.2732463,44.4008072
1472,9.4770681,45.6911074
1473,18.0154165,40.398562
1474,14.6627161,41.5602544
1475,9.1362202,45.7336838
1476,10.5733254,43.8418933
1477,8.2885486,44.3584369
1478,10.8796629,44.7838779
1479,10.097677,44.0793245
1480,8.450503,45.1316088
1481,14.3311337,41.0723484
1482,9.5680452,45.4951221
1483,13.8333776,41.4907889
1484,10.7331623,44.5132514
1485,13.336405,41.5698647
1486,8.1971064,44.3917793
1487,11.2908156,44.7315319
1488,7.2343067,45.4321772
1489,12.3476822,44.2635492
1490,12.2464292,44.1396438
1491,7.8275551,45.008885
1492,11.8800446,43.6601119
1493,12.6021389,41.802425
1494,11.6619132,45.2768326
1495,12.4143169,42.2891482
1496,11.7954132,42.0924239
1497,9.7009465,45.1610569
1498,13.0037837,41.7272528
1499,10.3776918,44.9318812
1500,9.0851765,45.8080597
1501,12.3006368,45.889197
1502,9.352608,44.7229736
1503,8.175544,45.5668371
1504,9.6824841,45.3643375
1505,10.0226511,45.133249
1506,7.5426711,44.3844766
1507,10.1877542,45.8815885
1508,9.0507438,44.7665783
1509,7.7723606,45.6028605
1510,7.5765427,45.1346452
1511,11.6603917,45.2254915
1512,11.8774091,44.2898527
1513,11.9005837,46.0178511
1514,13.2577285,41.6956788
1515,8.7577138,45.6124766
1516,11.619787,44.8381237
1517,10.8098822,44.5391454
1518,11.2558136,43.7695604
1519,15.5446302,41.4621984
1520,12.7014749,42.9508683
1521,13.6755001,41.668821
1522,12.0407312,44.2227398
1523,17.5827818,40.5304977
1524,13.3426341,41.6396009
1525,18.1724756,40.1758228
1526,8.946256,44.4056499
1527,12.5871807,42.8363211
1528,13.6201754,45.9401812
1529,11.1123634,42.7635254
1530,17.435493,40.5379536
1531,17.9514437,40.4012445
1532,10.6543959,44.9212351
1533,12.5753166,43.3513193
1534,12.7245045,41.9939694
1535,11.7124294,44.3599996
1536,11.9771809,44.8859799
1537,9.8240826,44.1024504
1538,10.8589638,46.6177058
1539,11.3372914,46.4271136
1540,10.2686946,44.6145497
1541,12.9035965,41.4675671
1542,18.1750161,40.3515155
1543,9.3976704,45.8565698
1544,11.303213,45.1935965
1545,12.962445,42.5660721
1546,10.3105674,43.548473
1547,9.503716,45.3097228
1548,10.4950609,43.8376211
1549,9.8280764,44.8234884
1550,14.3812391,41.0367027
1551,8.8850211,45.4655261
1552,15.9165105,41.6307347
1553,10.7913751,45.1564168
1554,9.1524254,45.6611243
1555,11.1525179,46.6712938
1556,9.4065471,45.6983647
1557,17.8101767,40.5577246
1558,9.1859243,45.4654219
1559,11.0632969,44.8863605
1560,10.9252269,44.647128
1561,16.5987187,41.2027767
1562,11.6696384,44.62269
1563,12.6719206,43.857429
1564,17.2985559,40.9525166
1565,9.1453579,39.2560191
1566,11.017563,43.9347424
1567,9.2744485,45.5845001
1568,9.5660745,46.1355055
1569,7.0376162,45.7564395
1570,13.7667974,45.6031543
1571,14.2681244,40.8517746
1572,8.6221612,45.44693
1573,9.0127228,39.4416013
1574,10.3875607,45.6465477
1575,9.4964429,40.9235764
1576,9.5842309,45.6202586
1577,11.9418498,44.7452072
1578,6.8336307,45.0333391
1579,11.8767611,45.4064349
1580,10.3279036,44.801485
1581,8.7495391,45.2824967
1582,9.1582069,45.1847248
1583,12.3908279,43.1107168
1584,9.6929845,45.0526206
1585,12.3547406,46.1665423
1586,9.3304725,45.5013851
1587,10.5258891,42.9256335
1588,10.4016888,43.7228386
1589,10.9078587,43.9303475
1590,11.146754,43.4725646
1591,10.8721881,43.299041
1592,10.6851043,45.4172923
1593,10.9761849,44.1553432
1594,8.4022929,40.8333682
1595,8.3791741,39.2066208
1596,11.102228,43.8777049
1597,9.1836462,39.2413493
1598,8.4027633,44.2934414
1599,9.2338889,44.3498211
1600,12.2035294,44.4183598
1601,10.6296859,44.6989932
1602,10.3324897,45.5071605
1603,12.8567281,42.404509
1604,12.5695158,44.0678288
1605,10.8430696,45.8891984
1606,12.4963655,41.9027835
1607,11.0401399,45.89096
1608,11.7902158,45.0698118
1609,14.7680961,40.6824408
1610,8.1668253,44.4139493
1611,11.2742002,45.3953713
1612,14.3660983,41.0621694
1613,12.5660992,45.630335
1614,11.402955,44.47292
1615,17.8402819,40.4185307
1616,17.9967285,40.4875119
1617,9.6960732,45.0832757
1618,10.783619,43.7109248
1619,8.610892,39.8759953
1620,11.9062195,45.56278
1621,9.9156487,44.1613458
1622,10.20055,45.6521677
1623,9.0359607,45.6242491
1624,9.0108377,39.0654974
1625,8.5556826,40.7259269
1626,10.7847741,44.54433
1627,12.4007392,44.0936826
1628,8.4645,44.2975603
1629,11.1922839,43.7542169
1630,11.3597702,45.7170517
1631,11.0704533,44.9962848
1632,7.7709784,45.139586
1633,9.2356147,39.8700161
1634,9.6935658,40.5766271
1635,9.8787674,46.1698583
1636,9.8576313,45.2872836
1637,12.7385213,42.7412223
1638,7.0484573,45.1386144
1639,17.2470303,40.4643606
1640,9.4035201,45.3290416
1641,12.6426604,42.5636168
1642,18.0536385,40.4820729
1643,12.432391,43.0273158
1644,7.6868565,45.070312
1645,11.1217486,46.0747793
1646,9.5951189,45.5211505
1647,12.2430437,45.6668893
1648,13.7768182,45.6495264
1649,8.1678328,45.6707649
1650,8.736665,45.5329915
1651,13.2345794,46.0710668
1652,8.4397819,44.2691047
1653,9.3597616,45.8469661
1654,8.8250576,45.8205989
1655,14.0402307,41.4819259
1656,12.3155151,45.4408474
1657,8.5554714,45.9281827
1658,8.4185735,45.3202272
1659,10.9916215,45.4383842
1660,12.4224544,43.9834232
1661,11.0014092,46.0802175
1662,10.2513103,43.8657267
1663,11.5354214,45.5454787
1664,10.4666809,44.3648702
1665,8.3136163,44.8080034
1666,12.107669,42.4206766
1667,9.0120442,44.9916599
1668,-76.8099041,18.0178743
1669,-76.8646981,17.9810458
1670,NA,NA
1671,-76.8893907,17.9611269
1672,NA,NA
1673,NA,NA
1674,130.4017155,33.5903547
1675,136.7606537,35.4232984
1676,139.3158056,35.6663394
1677,130.5571158,31.5965535
1678,135.7680294,35.0116363
1679,136.906398,35.1814464
1680,139.0364126,37.9161924
1681,133.9195019,34.6551456
1682,127.8055832,26.3344266
1683,135.5021651,34.6937378
1684,141.3543763,43.0620958
1685,140.8693558,38.268215
1686,138.3827596,34.975562
1687,139.7319925,35.7090259
1688,139.6380256,35.4437078
1689,35.710717,31.1779228
1690,36.0942121,32.0608505
1691,35.9283716,31.9453666
1692,35.8479094,32.5569557
1693,36.8219462,-1.2920659
1694,48.0654706,29.0853759
1695,48.1420187,29.0806182
1696,48.154826,28.9570473
1697,47.6755291,29.3365728
1698,47.9948358,29.3573377
1699,47.6783333,29.4144444
1700,48.0768645,29.3167331
1701,48.013415,29.2966294
1702,47.950359,29.3523817
1703,47.7193856,29.3138682
1704,48.0965626,29.0344141
1705,21.010806,56.5046678
1706,27.3331357,56.5099223
1707,24.1051864,56.9496487
1708,21.5647066,57.3937216
1709,36.2110399,34.0046888
1710,35.5017767,33.8937913
1711,35.372948,33.5570691
1712,35.9019775,33.8462304
1713,NA,NA
1714,-8.7095789,7.3586557
1715,24.2793337,55.0727242
1716,23.9035965,54.8985207
1717,23.9577279,55.2881309
1718,21.1442794,55.7032948
1719,22.3414679,56.3092439
1720,22.903861,56.316814
1721,24.3574773,55.7347915
1722,23.3136823,55.9349085
1723,25.2796514,54.6871555
1724,5.8826618,49.7309854
1725,5.9860925,49.5008805
1726,6.1319346,49.611621
1727,47.5079055,-18.8791902
1728,100.2593272,5.294464
1729,103.2201828,3.7633859
1730,110.3785438,1.6076812
1731,101.5944885,3.1278871
1732,103.6443791,1.602031
1733,101.376639,4.470611
1734,73.5093474,4.1754959
1735,14.2018098,36.068909
1736,14.4868883,35.8956388
1737,14.5101844,35.8821077
1738,14.5363969,35.8548714
1739,57.4655544,-20.1987684
1740,NA,NA
1741,57.5688474,-20.3399053
1742,57.5012222,-20.1608912
1743,-103.3496092,20.6596988
1744,-101.3544964,20.6786652
1745,-101.6859605,21.1250077
1746,-99.133208,19.4326077
1747,-100.3161126,25.6866142
1748,-98.2061996,19.0412967
1749,-101.1957172,20.5739314
1750,-101.4282369,20.952141
1751,-99.6556653,19.2826098
1752,7.420816,43.737411
1753,106.9057439,47.8863988
1754,19.140438,42.2040425
1755,18.9561661,42.7804735
1756,19.3512591,43.3582371
1757,19.2593642,42.4304196
1758,18.7066398,42.4349809
1759,-7.5898434,33.5731104
1760,-5.0078451,34.0181246
1761,-7.9810845,31.6294723
1762,-5.5407299,33.8730164
1763,-9.2272033,32.3008151
1764,-6.7708138,34.0336969
1765,-5.8339543,35.7594651
1766,96.3305831,24.1821187
1767,95.1275716,20.8443442
1768,93.5458489,19.4212029
1769,97.6439611,16.4543173
1770,95.8601611,20.8765931
1771,97.6846567,23.8304234
1772,97.3975845,23.0929613
1773,94.9247074,21.177252
1774,96.1761738,16.7926782
1775,96.471658,22.0391773
1776,95.9621106,21.9159702
1777,96.4343621,18.9398354
1778,94.4413632,16.9556238
1779,94.8779969,20.4593254
1780,85.3239605,27.7172453
1781,4.8951679,52.3702157
1782,4.6574468,52.4869842
1783,4.768323,51.5719149
1784,4.8468049,52.5563611
1785,4.3006999,52.0704978
1786,4.6900929,51.8132979
1787,5.4697225,51.441642
1788,6.8936619,52.2215372
1789,6.5665018,53.2193835
1790,5.9794988,50.8881742
1791,5.1668974,52.2291696
1792,4.1341847,51.9806322
1793,4.6907041,52.3060853
1794,4.6060138,52.4569544
1795,4.4970097,52.1601144
1796,4.2545656,51.9226067
1797,4.6273499,51.7018167
1798,5.8372264,51.8125626
1799,4.4777325,51.9244201
1800,4.3988186,51.9169599
1801,5.1214201,52.0907374
1802,4.630587,52.4520591
1803,4.593325,52.4916911
1804,4.8291992,52.4420399
1805,169.372381,-45.232815
1806,171.7485672,-43.9083813
1807,174.7633315,-36.8484597
1808,173.9612498,-41.5134425
1809,172.6362254,-43.5320544
1810,170.5027976,-45.8787605
1811,171.2437353,-44.0911852
1812,168.945819,-46.0987992
1813,175.279253,-37.7870012
1814,176.8392322,-39.6395783
1815,176.7416374,-39.7711616
1816,168.3537731,-46.4131866
1817,172.6569578,-43.3830321
1818,174.9080557,-41.2091655
1819,175.6573502,-40.9511118
1820,175.7764607,-37.8108803
1821,176.9120178,-39.4928444
1822,NA,NA
1823,NA,NA
1824,175.1488373,-37.6674115
1825,174.8406006,-41.1338998
1826,175.7804683,-38.0489883
1827,172.5957246,-43.303356
1828,173.1838086,-41.3384657
1829,176.2497461,-38.1368478
1830,175.7988055,-39.6777329
1831,175.260712,-38.8832463
1832,176.0702098,-38.6856924
1833,176.1651295,-37.6877975
1834,167.718053,-45.4144515
1835,175.1634562,-38.3329835
1836,171.2549729,-44.3969718
1837,175.8705786,-38.2179652
1838,175.8087485,-38.9898711
1839,175.0707834,-41.1244327
1840,171.048135,-44.7326402
1841,174.9479051,-41.2633625
1842,171.2384037,-44.3524425
1843,174.776236,-41.2864603
1844,174.323708,-35.7251117
1845,7.3732655,5.1215877
1846,8.1120116,6.3230608
1847,7.9538378,5.8894555
1848,7.5463885,6.4583661
1849,4.5521274,7.490462
1850,7.4165053,10.5104642
1851,6.9103455,6.0105192
1852,7.3732655,6.8429422
1853,6.8029489,6.1413122
1854,7.0390904,5.7812306
1855,7.0175879,5.489059
1856,7.4922407,5.5249526
1857,6.149482,62.4722284
1858,10.593765,59.920545
1859,5.3220544,60.3912628
1860,10.2044564,59.7440738
1861,10.9347012,59.2205369
1862,8.0182064,58.1599119
1863,10.4662306,61.1152713
1864,14.1419749,66.3137122
1865,10.7522454,59.9138688
1866,5.7331073,58.9699756
1867,18.9553238,69.6492047
1868,10.3950528,63.4305149
1869,58.4059227,23.58589
1870,73.0931461,33.7293882
1871,67.0099388,24.8614622
1872,74.3571581,31.5546061
1873,71.5804899,34.0149748
1874,73.0441352,33.598394
1875,-79.4028639,9.1011785
1876,-57.575926,-25.2637399
1877,-77.0427934,-12.046374
1878,120.5960071,16.4023332
1879,123.8854366,10.3156992
1880,120.3333124,16.0432998
1881,125.455341,7.190708
1882,120.9842195,14.5995124
1883,123.4128956,10.4837342
1884,120.5706933,15.9758027
1885,122.0790267,6.9214424
1886,20.8092134,51.8253953
1887,23.1445026,52.0387126
1888,23.1688403,53.1324886
1889,19.0583845,49.8223768
1890,20.4303285,49.9684577
1891,14.9561498,50.9072496
1892,19.7516791,51.800255
1893,20.7191757,50.470362
1894,18.0084378,53.1234804
1895,23.4711986,51.1431232
1896,20.6197948,52.8814838
1897,18.7948147,52.8790493
1898,18.6354709,49.7497638
1899,19.1203094,50.8118195
1900,19.1949126,50.3216897
1901,18.8651227,51.1166563
1902,16.6567892,50.7308605
1903,19.4044897,54.1560613
1904,19.7557496,52.2286572
1905,18.6466384,54.3520252
1906,18.5305409,54.5188898
1907,18.6713802,50.2944923
1908,16.0846672,51.6635852
1909,17.5826575,52.5349253
1910,18.4778933,49.9245461
1911,22.3034476,54.3069111
1912,21.1596321,49.6546159
1913,15.2369305,52.7325285
1914,20.8049878,52.138167
1915,18.753565,53.4837486
1916,18.2562032,52.7993317
1917,22.6777169,50.0161463
1918,21.4722875,49.7445663
1919,18.4563132,51.1478153
1920,15.7193616,50.9044171
1921,18.0853462,51.7672799
1922,19.0237815,50.2648919
1923,18.2261844,50.3498805
1924,20.6285677,50.8660773
1925,16.6613941,50.4345636
1926,18.21807,50.97235
1927,18.6706468,50.2219315
1928,18.6857763,53.0786152
1929,18.2510729,52.2230334
1930,17.9812605,54.1222457
1931,16.1714908,54.1943219
1932,19.9449799,50.0646501
1933,22.226957,50.9232831
1934,21.7660531,49.6824761
1935,18.9323043,53.7263529
1936,20.9499697,52.4044483
1937,16.1553231,51.2070067
1938,16.5937545,51.8419861
1939,19.4559833,51.7592485
1940,22.0590321,53.1781197
1941,22.5684463,51.2464536
1942,18.6846192,50.6687353
1943,19.0379763,54.0361319
1944,21.4238101,50.287063
1945,20.3837208,53.1122632
1946,14.86785,52.9237186
1947,19.3144637,50.5706845
1948,19.7252113,50.6554535
1949,20.4274873,53.360814
1950,20.2225326,50.0406662
1951,22.13955,50.52001
1952,16.5037092,50.5797139
1953,20.7153326,49.6174535
1954,16.1282552,52.3181885
1955,17.2924017,50.9459276
1956,17.3898504,51.2134346
1957,18.41472,50.87526
1958,20.4801193,53.778422
1959,20.2787631,51.3753379
1960,17.9212976,50.6751067
1961,19.9647952,53.6963007
1962,21.5592554,53.0876544
1963,17.8068258,51.6549856
1964,21.2616248,52.1053186
1965,21.66654,50.88758
1966,19.35776,51.6567303
1967,20.8400429,52.1845184
1968,16.7382266,53.1509671
1969,19.7030244,51.4051721
1970,19.7065364,52.5463446
1971,21.28065,50.43302
1972,16.0620494,51.5024848
1973,16.9251681,52.406374
1974,20.2890751,50.1921916
1975,18.9477092,49.9857805
1976,21.969309,51.4164431
1977,21.1471333,51.4027236
1978,17.0434147,51.042113
1979,19.4449387,51.0668544
1980,22.6218532,51.7832025
1981,20.25623,51.76623
1982,16.263731,51.5111902
1983,18.5462847,50.1021742
1984,21.9991196,50.0411867
1985,22.2060658,49.5550187
1986,22.2901645,52.1676031
1987,18.7302994,51.5956014
1988,20.5412103,50.8175025
1989,19.8288749,49.9751815
1990,20.1583303,51.9547169
1991,17.0284824,54.464148
1992,18.5600956,54.441581
1993,19.1040791,50.2862638
1994,21.0709769,51.0368289
1995,18.5162736,53.965614
1996,19.58636,49.74127
1997,15.11697,52.44387
1998,22.9307881,54.1115218
1999,16.475679,50.8498434
2000,18.4473864,53.4093843
2001,16.247897,50.810462
2002,14.5528116,53.4285438
2003,16.6993602,53.7100713
2004,20.9858407,50.0121011
2005,16.1608906,51.5121179
2006,16.6734164,52.4626443
2007,18.8460247,50.4359468
2008,20.0086471,51.5311945
2009,18.5984437,53.0137902
2010,19.4694,50.15847
2011,17.85955,53.58762
2012,21.05416,49.89477
2013,19.0200022,50.1218007
2014,19.4939579,49.8827856
2015,17.19966,52.80848
2016,16.2843553,50.7840092
2017,21.0122287,52.2296756
2018,20.7979573,50.4904529
2019,18.403,54.79074
2020,19.0677357,52.6483303
2021,18.4719102,50.003137
2022,17.0385376,51.1078852
2023,16.3164767,51.8071084
2024,21.458395,52.5928523
2025,16.8132419,50.5893617
2026,18.7857186,50.3249278
2027,19.9495621,49.299181
2028,23.2519686,50.7230879
2029,19.4166259,50.487743
2030,18.9393251,51.5990328
2031,19.4060704,51.8550576
2032,15.0065645,51.1496361
2033,15.5061862,51.9356214
2034,21.1607239,52.3034398
2035,15.9213852,51.1259316
2036,19.4375834,50.7067994
2037,18.7006401,50.0447236
2038,20.445988,52.048652
2039,19.1823983,49.6912999
2040,-8.2478796,37.0890719
2041,-9.1651047,38.6765238
2042,-8.426507,41.5454486
2043,-8.4102573,40.2033145
2044,-7.9304397,37.0193548
2045,-8.672371,40.602309
2046,-9.1393366,38.7222524
2047,-9.1741095,38.831549
2048,-8.4738078,41.3431376
2049,-9.3816589,38.8028687
2050,-8.7478619,41.3517302
2051,-8.9889932,38.9551563
2052,51.5975524,25.1659314
2053,51.5310398,25.2854473
2054,129.0756416,35.1795543
2055,127.7,36.8
2056,126.8,36.5184
2057,128.601445,35.8714354
2058,127.3845475,36.3504119
2059,128.1555,37.8228
2060,126.8526012,35.1595454
2061,128.8889,36.4919
2062,127.5183,37.4138
2063,128.2132,35.4606
2064,126.7052062,37.4562557
2065,126.5311884,33.4996213
2066,127.153,35.7175
2067,126.991,34.8679
2068,126.9779692,37.566535
2069,129.3113596,35.5383773
2070,23.5690265,46.0823371
2071,25.3282579,43.9750572
2072,21.3122677,46.1865606
2073,26.9145748,46.5670437
2074,23.5849881,47.6567387
2075,26.0126977,44.989028
2076,26.6658127,47.7406537
2077,25.6011977,45.6579755
2078,26.1025384,44.4267674
2079,26.8171122,45.1371109
2080,25.0531038,45.270605
2081,23.6236353,46.7712101
2082,21.1681272,45.8533993
2083,28.6348138,44.1598013
2084,23.7948808,44.3301785
2085,22.9143737,45.8662574
2086,22.6597342,44.6369227
2087,28.0079945,45.4353208
2088,25.9699265,43.9037076
2089,28.05899,46.6758644
2090,27.6014418,47.1584549
2091,28.4607273,45.265423
2092,24.3471665,46.1572828
2093,25.7953655,46.3695574
2094,21.6642348,44.735184
2095,20.7565097,46.1684924
2096,21.9189438,47.0465005
2097,26.3779793,46.9299616
2098,24.8691824,44.8564798
2099,26.0128616,44.936664
2100,23.1543463,44.9000027
2101,25.6328398,45.7034288
2102,22.8575926,47.8016702
2103,26.0641684,47.9552669
2104,24.3716904,44.4301677
2105,26.2732302,47.6634521
2106,21.2086793,45.7488716
2107,22.3103123,45.7829845
2108,23.374199,44.674076
2109,24.4597907,46.4840705
2110,25.4181031,45.6348088
2111,23.5631914,46.7615923
2112,37.6173,55.755826
2113,49.5687416,26.9597709
2114,49.9777136,26.3926665
2115,39.2375507,21.2854067
2116,39.8579118,21.3890824
2117,39.5691841,24.5246542
2118,46.6752957,24.7135517
2119,38.1899782,24.0231757
2120,-17.3660286,14.7645042
2121,20.4489216,44.786568
2122,21.8957589,43.3209022
2123,19.8335496,45.2671352
2124,103.8677444,1.3553794
2125,19.1461917,48.736277
2126,17.1077477,48.1485965
2127,18.5100381,48.6604318
2128,18.7598695,48.7290079
2129,19.9536192,48.5746472
2130,21.9078917,48.932454
2131,21.2610746,48.7163857
2132,17.0182641,48.4363404
2133,18.9190235,49.0616613
2134,18.076376,48.3061414
2135,21.2393119,49.0018324
2136,18.6245383,48.7745206
2137,19.3066002,49.0752393
2138,17.3610002,48.6798645
2139,21.8369439,48.873165
2140,17.5833218,48.3709108
2141,21.1673945,48.5976622
2142,21.6825245,48.8904721
2143,18.8548946,48.5905012
2144,18.7408001,49.2194498
2145,19.1371155,48.5761806
2146,15.2677063,46.2397495
2147,15.0844894,46.1417288
2148,13.7301877,45.548059
2149,14.3555417,46.2428344
2150,14.5057515,46.0569465
2151,15.6458812,46.5546503
2152,16.1610293,46.6581381
2153,13.6493044,45.9549755
2154,15.1710089,45.8010824
2155,15.0453138,46.1503563
2156,15.1106582,46.3622743
2157,14.9945975,46.1345186
2158,14.8703205,46.4862243
2159,27.9541894,-26.2445833
2160,29.9856157,-26.5123582
2161,27.8871784,-25.7477324
2162,28.0473051,-26.2041028
2163,25.017521,-31.506809
2164,30.6314948,-29.8039699
2165,27.8428651,-26.5768466
2166,29.1913918,-26.5157792
2167,28.2292712,-25.7478676
2168,27.9014654,-26.5969312
2169,28.299435,-23.9747849
2170,29.2553229,-25.8727817
2171,27.8692376,-26.8662267
2172,-3.0842199,43.3167276
2173,-15.4463485,27.9018327
2174,-2.148555,43.2368999
2175,-1.1173154,41.7689166
2176,-1.8585424,38.994349
2177,-0.3374829,39.7032393
2178,-3.3635421,40.4819791
2179,0.4767476,40.5430578
2180,-0.1335373,41.0510353
2181,-1.2193422,37.9695167
2182,-3.6372245,40.5372512
2183,-0.2139151,40.0746462
2184,-3.8278443,40.3468454
2185,-0.4810937,38.6987066
2186,-1.7502311,42.1772977
2187,-5.6546388,36.6585879
2188,-0.3671856,39.7807728
2189,-5.456233,36.1407591
2190,-3.5016452,40.5964617
2191,-0.4906855,38.3459963
2192,-0.0629989,39.9478425
2193,-6.5169753,37.2596578
2194,-0.4333643,39.1511854
2195,0.7996491,40.8839435
2196,-16.4214477,28.3385856
2197,-3.6902166,41.6692282
2198,-3.6040527,40.0305018
2199,-3.4479063,40.3064463
2200,-3.6254529,37.1439159
2201,-16.679977,28.0999496
2202,-2.4902081,43.0648865
2203,-13.5550363,28.9651694
2204,-2.2519623,42.434452
2205,-8.5102974,43.3038683
2206,-15.5210607,28.1201412
2207,-3.822281,43.3983734
2208,-3.466667,40.933333
2209,-4.6812086,40.656685
2210,-5.9246653,43.5579523
2211,-2.2667322,43.1825979
2212,-6.9706535,38.8794495
2213,2.2450325,41.4469883
2214,-6.8498411,38.5144198
2215,2.1734035,41.3850639
2216,-8.1854241,43.3511488
2217,-2.2003055,43.0457548
2218,NA,NA
2219,-0.1224937,38.5410566
2220,-2.9349852,43.2630126
2221,-17.7917046,28.6629785
2222,-17.7724671,28.6412969
2223,-0.1530097,41.497428
2224,-0.7901334,39.4203436
2225,2.7002508,39.6959651
2226,-3.696906,42.3439925
2227,-0.4135963,39.5096699
2228,-0.0848302,39.8895925
2229,-15.4217989,28.0087657
2230,3.2779723,42.2887571
2231,-0.2315018,40.9407849
2232,-3.8846224,43.4047027
2233,-8.3422786,43.2926146
2234,-3.1447155,41.2675296
2235,-16.3717183,28.3556768
2236,-6.5498404,43.1773837
2237,-1.8609152,38.1041892
2238,-6.7326972,42.5559174
2239,-0.9965839,37.6256827
2240,-0.0513246,39.9863563
2241,-3.2156354,43.3688221
2242,-1.280678,39.5582795
2243,-9.192,42.9576691
2244,-8.4722358,43.1896948
2245,-7.4103573,43.671212
2246,-8.2010285,43.1732498
2247,-3.9273778,38.9848295
2248,-4.0055605,40.6308775
2249,-3.7710457,40.6626481
2250,-6.5203088,42.6181348
2251,-4.0669902,43.2597761
2252,-8.4115401,43.3623436
2253,-3.5651646,40.4260459
2254,-5.6398802,42.7087418
2255,-1.876084,37.2922445
2256,-1.9812313,43.318334
2257,-9.1185278,43.0121815
2258,-2.6313339,43.1711864
2259,1.4205983,38.9067339
2260,-2.8103551,36.7731148
2261,-0.7125608,38.2699329
2262,-2.6185459,42.5149608
2263,-0.7964597,38.4765073
2264,-6.6237322,42.7673954
2265,-8.2193451,43.489646
2266,-3.8035477,40.2902056
2267,-2.2364844,42.3477796
2268,-0.1844671,38.968032
2269,-3.7323934,40.3082504
2270,-5.6611195,43.5322015
2271,-16.5768911,28.1222699
2272,-3.16017,40.632489
2273,-3.6952896,40.7860007
2274,-4.8474389,42.7890255
2275,-1.9768497,43.2657928
2276,-6.9447224,37.261421
2277,-0.4078058,42.131845
2278,-3.8489895,40.1262812
2279,-6.1260744,36.6850064
2280,-5.3494719,36.1682563
2281,-5.6960562,43.3081128
2282,-8.5844049,43.24827
2283,-3.7686545,40.3319506
2284,-5.5670959,42.5987263
2285,-4.7562159,43.4211483
2286,-2.9579897,43.1434506
2287,-2.4449852,42.4627195
2288,-1.6968357,37.6735925
2289,-7.5567582,43.0097384
2290,-3.7037902,40.4167754
2291,4.2596195,39.8873296
2292,-6.0520363,37.350923
2293,-3.8683123,40.4737586
2294,2.4447406,41.5381124
2295,-4.9154767,41.3081627
2296,-6.3408055,38.9191439
2297,-5.7785282,43.249719
2298,-2.945068,42.6869753
2299,-0.1015492,40.6181387
2300,-3.8676291,40.3232129
2301,-3.5180363,36.7489747
2302,-7.7259302,43.4663944
2303,-1.1306544,37.9922399
2304,-8.8882891,42.7842757
2305,-4.7999096,38.1327461
2306,-0.2625949,39.96513
2307,-8.4080662,43.0763738
2308,-3.2114207,40.2861
2309,-7.863881,42.3357893
2310,-7.6422864,43.5645691
2311,-5.8493887,43.3619145
2312,-4.5288016,42.0096857
2313,2.6501603,39.5696005
2314,-15.5474373,27.9202202
2315,-6.8954258,37.2288942
2316,-0.4431618,39.5037093
2317,-5.8676373,41.2837924
2318,-1.0411107,38.4035164
2319,-6.0838065,40.0420955
2320,3.0250778,39.7697384
2321,-8.657474,42.4341563
2322,3.0162026,39.8771939
2323,-6.598259,42.5499958
2324,-7.8522474,43.4526064
2325,-8.6446202,42.4298846
2326,-2.0689709,42.3334209
2327,-5.5577902,36.7882576
2328,-13.8628367,28.500821
2329,-6.1831947,36.5316485
2330,-4.1078877,38.6884458
2331,0.1616419,42.4728046
2332,-6.9704976,37.1852585
2333,-0.4448669,39.4825816
2334,-16.5841956,28.3854734
2335,-4.1392622,42.9995287
2336,-3.5357334,40.3519065
2337,-5.6273951,42.8012489
2338,-0.2784385,39.6798633
2339,-5.6635397,40.9701039
2340,-17.7991545,28.7842218
2341,-15.5730295,27.9249459
2342,0.3321829,40.5095107
2343,-4.4035034,40.3635617
2344,-5.6087488,43.2751294
2345,-4.3321114,39.5416294
2346,-5.3844317,36.2104615
2347,-1.2830851,42.5744349
2348,1.3015192,38.9826357
2349,2.0494619,41.38467
2350,2.0666616,41.383333
2351,-17.7645747,28.6839885
2352,-16.2518467,28.4636296
2353,-15.5401365,27.9101389
2354,1.658779,41.318858
2355,-3.8099803,43.4623057
2356,-8.5448445,42.8782132
2357,-0.1576913,41.7916307
2358,-7.654811,42.6470935
2359,-4.1088069,40.9429032
2360,-5.9844589,37.3890924
2361,-5.6608158,43.3915032
2362,-2.9325785,43.2871618
2363,-2.4790306,41.7665972
2364,-4.8304536,39.962884
2365,-13.5595989,29.0599533
2366,-15.4173726,27.9955313
2367,-1.1064345,40.3456879
2368,-4.2541657,43.154223
2369,-4.0273231,39.8628316
2370,-2.0750946,43.1347544
2371,-5.7796953,39.8974406
2372,0.7203205,41.3942541
2373,-3.4754967,40.4567552
2374,-4.0501505,43.3488503
2375,-3.0776568,42.8420421
2376,-3.6740182,40.1912403
2377,-0.3762881,39.4699075
2378,-4.7245321,41.652251
2379,-17.9150422,27.8097786
2380,0.9236691,40.9908991
2381,-4.4887385,41.9209323
2382,-8.7207268,42.2405989
2383,-7.6807717,43.2974899
2384,-4.3048305,40.2774375
2385,-4.8229031,42.7216533
2386,-0.8270193,39.7339808
2387,-3.275967,40.1681485
2388,-2.6817918,42.8591656
2389,-0.5979205,39.9219229
2390,-3.553772,37.2331735
2391,-7.5123498,43.6849554
2392,-6.4157225,38.4225303
2393,-5.7467879,41.5034712
2394,-0.8890853,41.6488226
2395,-1.0747782,39.0915312
2396,-0.1665442,40.7287627
2397,79.861243,6.9270786
2398,13.0744097,55.6345009
2399,11.97456,57.70887
2400,12.8577884,56.6743748
2401,20.2252821,67.8557995
2402,15.6213727,58.410807
2403,13.003822,55.604981
2404,16.192421,58.587745
2405,20.950917,64.750244
2406,17.625689,59.195363
2407,17.94148,59.43911
2408,18.0685808,59.3293235
2409,17.306927,62.390811
2410,13.1574231,55.3762427
2411,20.2630354,63.8258471
2412,20.2630354,63.8258471
2413,17.6389267,59.8585638
2414,16.5448091,59.6099005
2415,14.8058522,56.8790044
2416,13.8200308,55.4295051
2417,7.5885761,47.5595986
2418,7.4474468,46.9479739
2419,6.1431577,46.2043907
2420,6.6322734,46.5196535
2421,8.951052,46.0036778
2422,8.3093072,47.0501682
2423,9.3767173,47.4244818
2424,8.7236889,47.4988196
2425,8.541694,47.3768866
2426,100.5017651,13.7563309
2427,98.9931284,18.787747
2428,99.830955,19.9071656
2429,100.9846717,13.3611431
2430,102.8359921,16.4419355
2431,99.490874,18.2888404
2432,99.0087221,18.5744606
2433,97.9654368,19.3020296
2434,102.0977693,14.9798997
2435,100.1225595,15.6930072
2436,100.7730417,18.7756318
2437,101.8253143,6.4254607
2438,100.5143528,13.8621125
2439,100.5250276,14.0208391
2440,100.2023692,19.2154367
2441,100.5689599,14.3532128
2442,100.1402831,18.1445774
2443,98.3380884,7.9519331
2444,101.1473517,12.707434
2445,102.0645821,13.8240407
2446,100.5998319,13.5990961
2447,100.2743956,13.5475216
2448,100.9101421,14.5289154
2449,100.614347,7.1756004
2450,99.3217483,9.1382389
2451,101.2803947,6.541147
2452,21.3292164,41.0296773
2453,21.4279956,41.9973462
2454,20.9715269,42.0069115
2455,21.7722966,41.7164563
2456,9.8627243,37.2746124
2457,10.766163,34.7478469
2458,10.608395,35.825603
2459,10.1815316,36.8064948
2460,35.3308285,36.9914194
2461,38.2772592,37.76365
2462,30.5387038,38.7568852
2463,43.050591,39.719074
2464,34.0297,38.368626
2465,35.837347,40.656455
2466,32.8597419,39.9333635
2467,30.7133233,36.8968908
2468,42.70228,41.11295
2469,41.820819,41.180937
2470,27.8455601,37.8380162
2471,27.8903423,39.6532976
2472,32.333811,41.637602
2473,41.1292832,37.8895167
2474,40.228048,40.26032
2475,29.97933,40.142573
2476,40.496625,38.885464
2477,42.109502,38.400569
2478,31.608209,40.732541
2479,30.282333,37.718336
2480,29.0609636,40.1885281
2481,26.408587,40.14672
2482,33.616223,40.600207
2483,34.9537242,40.5499256
2484,29.0963328,37.7830159
2485,40.2109826,37.9249733
2486,31.162609,40.83872
2487,26.5557145,41.6771297
2488,39.222515,38.674816
2489,39.491124,39.746797
2490,41.2658236,39.9054993
2491,30.5256311,39.7667061
2492,37.37811,37.065953
2493,38.392653,40.917532
2494,39.480321,40.460825
2495,43.736782,37.577427
2496,36.1613221,36.2022842
2497,33.617577,36.6321731
2498,44.0436151,39.9200596
2499,30.553705,37.7626487
2500,28.9783589,41.0082376
2501,27.142826,38.423734
2502,36.9228223,37.5752755
2503,32.622654,41.19562
2504,33.222243,37.181009
2505,43.0974525,40.6013378
2506,33.776497,41.376625
2507,35.482597,38.720489
2508,37.114661,36.716477
2509,33.5088782,39.8397835
2510,27.224369,41.735472
2511,34.1594989,39.146078
2512,29.8815203,40.8532704
2513,32.4931554,37.8746429
2514,29.985732,39.4199547
2515,38.3335247,38.3553627
2516,27.4295624,38.6140337
2517,40.733951,37.312903
2518,28.363394,37.215374
2519,41.491038,38.734561
2520,34.714151,38.624694
2521,34.676608,37.969774
2522,37.879721,40.986166
2523,36.2464002,37.0746279
2524,40.517666,41.025511
2525,30.3948169,40.7730743
2526,36.3360667,41.2797031
2527,41.941978,37.927404
2528,35.151725,42.027974
2529,42.453714,37.518974
2530,37.0150217,39.750545
2531,27.511674,40.9780919
2532,36.5521928,40.3234643
2533,39.7167633,41.0026969
2534,39.548259,39.10617
2535,38.7955149,37.1674039
2536,29.4058825,38.6742286
2537,43.3729793,38.5012085
2538,29.284186,40.654895
2539,34.808573,39.821049
2540,31.78938,41.453521
2541,32.5825197,0.3475964
2542,37.670589,-6.8303731
2543,54.6972774,24.2991738
2544,55.8023118,24.1301619
2545,NA,NA
2546,52.7455935,23.8068351
2547,53.4686111,23.0022222
2548,-2.094278,57.149717
2549,-6.652792,54.3502798
2550,-5.93012,54.597285
2551,-3.023009,53.389991
2552,-1.890401,52.486243
2553,-1.880769,50.719164
2554,-0.137163,50.82253
2555,-2.58791,51.454513
2556,-3.17909,51.481581
2557,-2.932931,54.892473
2558,-2.673804,51.641856
2559,-1.421629,53.235048
2560,0.290472,50.768035
2561,-3.188267,55.953252
2562,0.322098,53.1002583
2563,-4.251806,55.864237
2564,-3.7227698,56.0097152
2565,-0.3367413,53.7456709
2566,-4.224721,57.477773
2567,-1.5200789,52.2851905
2568,-1.5490774,53.8007554
2569,-2.9915726,53.4083714
2570,-0.1277583,51.5073509
2571,-7.3085748,54.9966124
2572,-2.2426305,53.4807593
2573,-1.234956,54.574227
2574,-1.61778,54.978252
2575,-2.997664,51.584151
2576,1.297355,52.6308859
2577,-1.1581086,52.9547832
2578,-1.2577263,51.7520209
2579,-4.1426565,50.3754565
2580,-3.784097,51.5946799
2581,-1.0879769,50.8197675
2582,-2.984467,55.959538
2583,-0.9781303,51.4542645
2584,-2.2901264,53.4875235
2585,-4.21643,50.40921
2586,-0.654413,53.588646
2587,-1.4043509,50.9097004
2588,0.7077123,51.5459269
2589,0.42854,51.514121
2590,-1.3289821,54.5704551
2591,-2.179404,53.002668
2592,-1.383801,54.906869
2593,-3.943646,51.62144
2594,0.3529197,51.4934557
2595,-2.5969501,53.3900441
2596,-2.6325074,53.5450645
2597,-2.992494,53.04304
2598,-1.0872979,53.9599651
2599,-84.0371659,41.8975471
2600,-81.5190053,41.0814447
2601,-73.8732714,42.7918028
2602,-106.6055534,35.0853336
2603,-92.4451371,31.3112936
2604,-85.8553031,42.5291989
2605,-75.4365016,40.6529413
2606,-78.3947359,40.5186809
2607,-149.9002778,61.2180556
2608,-85.6802541,40.1053196
2609,-83.7430378,42.2808256
2610,-88.4153847,44.2619309
2611,-82.5514869,35.5950581
2612,-85.8360741,33.2737256
2613,-82.1012554,39.3292396
2614,-84.5929898,35.4428512
2615,-83.357567,33.9519347
2616,-84.4642696,33.888116
2617,-74.4229266,39.3642834
2618,-82.0105148,33.4734978
2619,-69.6529268,44.5201866
2620,-97.7241766,30.4531629
2621,-119.0187125,35.3732921
2622,-76.6019125,39.4014955
2623,-89.7442906,43.4710944
2624,-91.1403196,30.4582829
2625,-108.0250738,39.441367
2626,-83.8888647,43.5944677
2627,-88.837329,43.4577692
2628,-122.4781473,48.74908
2629,-73.1967741,42.8781345
2630,-86.8050992,33.400235
2631,-118.3996636,37.3614238
2632,-100.7837392,46.8083268
2633,-86.5263857,39.165325
2634,-81.6745517,36.216795
2635,-71.1336295,42.3551583
2636,-105.2705456,40.0149856
2637,-86.4808043,36.9685219
2638,-94.2020084,46.3526733
2639,-122.6388241,47.5715506
2640,-73.2846525,41.1411562
2641,-112.0155015,41.5102129
2642,-83.4643551,35.4328955
2643,-79.4377991,36.0956918
2644,-73.1452091,44.5063279
2645,-119.0541032,43.5862606
2646,-112.5347776,46.0038232
2647,-85.4011619,44.2519526
2648,-76.0788292,38.5631744
2649,-79.7453163,35.2951421
2650,-81.4548753,40.8186063
2651,-81.9228923,26.5587825
2652,-119.7674034,39.1637984
2653,-91.6656232,41.9778795
2654,-81.6326234,38.3498195
2655,-79.9748103,32.8546197
2656,-80.9630623,35.0378188
2657,-78.4766781,38.0293059
2658,-85.3096801,35.0456297
2659,-104.8202462,41.1399814
2660,-88.1291089,41.7745245
2661,-121.8374777,39.7284944
2662,-84.3729152,39.4494536
2663,-80.3445341,39.2806451
2664,-87.3594528,36.5297706
2665,-122.6263728,38.9582307
2666,-82.0810755,41.3762781
2667,-90.1887379,41.8444735
2668,-104.8213634,38.8338816
2669,-81.0348144,34.0007104
2670,-87.0352831,35.6150716
2671,-84.9877094,32.4609764
2672,-82.9987942,39.9611755
2673,-122.0094175,39.2143343
2674,-71.5375718,43.2081366
2675,-85.5016423,36.162839
2676,-77.0546903,42.1428521
2677,-97.396381,27.8005828
2678,-122.2909078,39.0189327
2679,-91.9612427,33.1281779
2680,-86.9899966,38.1689415
2681,-97.026241,32.743344
2682,-87.5968594,30.4174393
2683,-90.542196,41.5190176
2684,-84.1916069,39.7589478
2685,-86.9833417,34.6059253
2686,-104.8319195,39.7294319
2687,-93.6305106,41.5254901
2688,-95.8453253,46.8171808
2689,-83.2835599,42.3412024
2690,-102.7896242,46.8791756
2691,-75.5243682,39.158168
2692,-92.1004852,46.7866719
2693,-78.898619,35.9940329
2694,-89.3856281,36.0345159
2695,-75.1812913,40.9995386
2696,-91.4984941,44.811349
2697,-115.5630514,32.792
2698,-92.6662674,33.20763
2699,-106.4850217,31.7618778
2700,-85.8649408,37.7030646
2701,-85.8344383,41.5822716
2702,-94.6830357,43.1127427
2703,-80.085059,42.1292241
2704,-123.086563,44.051085
2705,-124.1719048,40.7870517
2706,-87.5710898,37.9715592
2707,-147.7163889,64.8377778
2708,-80.1425781,39.4850848
2709,-96.7898034,46.8771863
2710,-108.2186856,36.7280583
2711,-78.8783585,35.0526641
2712,-94.5268707,36.1969179
2713,-83.6874562,43.0125274
2714,-79.7625625,34.1954331
2715,-87.6426644,34.8148561
2716,-105.0699032,40.4493313
2717,-91.2754272,40.633097
2718,-94.3985475,35.3859242
2719,-85.1393513,41.079273
2720,-119.7725868,36.7468422
2721,-83.8240663,34.2978794
2722,-119.7412875,38.8882398
2723,-105.5022205,44.2910915
2724,-77.9927651,35.3848841
2725,-83.3323848,32.8820866
2726,-98.3420118,40.9263957
2727,-108.5506486,39.0638705
2728,-85.7216596,42.8830428
2729,-123.3283925,42.4390069
2730,-104.7091322,40.4233142
2731,-88.019826,44.519159
2732,NA,NA
2733,-77.3663538,35.612661
2734,-82.6260059,34.8399737
2735,-88.8853078,30.3960318
2736,-77.6660582,39.6610147
2737,-114.1548161,46.2471437
2738,-90.4611995,30.5043583
2739,-119.5937941,36.0981175
2740,-84.5524358,35.9339638
2741,-77.686813,40.1600044
2742,-78.8689155,38.4495688
2743,-72.7087828,41.7615402
2744,-89.2903392,31.3271189
2745,-83.1932284,37.24954
2746,-112.0245054,46.5883707
2747,-81.6903851,35.7714964
2748,-155.09,19.7297222
2749,-157.8583333,21.3069444
2750,-93.0551795,34.5037004
2751,-90.7373839,29.6300359
2752,-94.9621943,29.7450565
2753,-82.4434873,38.4189719
2754,-86.5861037,34.7303688
2755,-86.0186724,39.9440534
2756,-90.1848103,32.2987573
2757,-88.8139469,35.6145169
2758,-81.655651,30.3321838
2759,-79.2378513,42.0996554
2760,-76.896616,35.8112719
2761,-86.9311094,38.3914418
2762,-78.9219698,40.3267407
2763,-134.4197222,58.3019444
2764,-85.5800022,42.2011538
2765,-114.3168131,48.1919889
2766,-94.5785667,39.0997265
2767,-159.3379818,22.0881391
2768,-72.2781409,42.933692
2769,-77.9622069,34.9623883
2770,-81.9315939,36.597651
2771,-121.7816704,42.224867
2772,-83.9207392,35.9606384
2773,-91.2395807,43.8013556
2774,-71.4703509,43.5278546
2775,-86.8752869,40.4167022
2776,-92.0198427,30.2240897
2777,-93.2173758,30.2265949
2778,-81.9498042,28.0394654
2779,-120.345792,42.1887721
2780,-76.3055144,40.0378755
2781,-84.5429327,42.7289011
2782,-115.1466648,36.0971945
2783,-87.3347389,35.2423023
2784,-98.3959291,34.6035669
2785,-72.2517569,43.6422934
2786,-76.4113497,40.3409251
2787,-70.2856675,44.0164814
2788,-84.5037164,38.0405837
2789,-115.5559988,48.3882861
2790,-96.6851982,40.8257625
2791,-92.3344892,34.7269418
2792,-111.8338359,41.7369803
2793,-118.1311828,33.7591784
2794,-85.7584557,38.2526647
2795,-79.0086424,34.6182199
2796,-79.1422464,37.4137536
2797,-83.6324022,32.8406946
2798,-120.0607176,36.9613356
2799,-89.4012302,43.0730517
2800,-71.4771848,42.77995
2801,-86.324253,44.2444473
2802,-95.7911916,44.448423
2803,-94.3674184,32.5448714
2804,-95.7697131,34.9334298
2805,-98.1242884,26.3524992
2806,-122.8755949,42.3265152
2807,-90.0489801,35.1495343
2808,-94.2396554,34.5862171
2809,-120.4829677,37.3021632
2810,-80.085874,26.250637
2811,-86.8950297,41.7075394
2812,-83.7142848,36.6072567
2813,-88.0070315,43.0166806
2814,-93.3225989,44.9515446
2815,-113.996586,46.8787176
2816,-88.0398912,30.6953657
2817,-120.9968782,37.6390972
2818,-86.2999689,32.3668052
2819,-79.9558968,39.629526
2820,-122.3247763,48.4659701
2821,-85.3863599,40.1933767
2822,-91.0432051,41.424473
2823,-122.286865,38.2975381
2824,-86.7811895,35.8994797
2825,-85.3702476,39.928935
2826,-73.064036,41.2306979
2827,-90.2044525,29.9845296
2828,-73.8401957,40.762039
2829,-86.4453551,42.1043594
2830,-110.9342532,31.3403775
2831,-72.0759105,41.5242649
2832,-73.8536398,40.8711857
2833,-83.1207313,38.4289683
2834,-79.2902133,36.3860217
2835,-93.8655303,37.7031209
2836,-80.0881194,34.7359889
2837,-105.4068079,43.0489425
2838,-103.5988057,43.7666507
2839,-91.3454214,42.4752682
2840,-102.72602,47.2121625
2841,-73.9883146,40.7183389
2842,-109.0675916,47.3318294
2843,-68.2537463,44.5291357
2844,-77.4213614,36.3895976
2845,NA,NA
2846,-76.1319953,39.2713804
2847,-93.1241816,45.1001563
2848,-113.6197746,44.8515919
2849,-100.4152368,46.8236143
2850,-100.7109688,47.4905538
2851,-95.2025451,43.4412741
2852,-95.3102505,37.6045688
2853,-92.1543675,46.6593253
2854,-78.52065,38.6301331
2855,-107.8777779,48.4519289
2856,-105.5346557,45.2968361
2857,-73.760683,40.7352141
2858,-106.444746,46.2744424
2859,-109.7591675,42.8138723
2860,-90.3648525,42.0844668
2861,-112.0179224,41.2121373
2862,-97.5164276,35.4675602
2863,-95.817993,41.2183637
2864,-81.4088575,28.2945548
2865,-87.1111676,37.7719074
2866,-119.0451827,34.1598165
2867,-88.6000478,37.0833893
2868,-81.555488,39.2637209
2869,-88.5561272,30.3657552
2870,-75.1463633,39.9480754
2871,-112.0385602,33.6648835
2872,-82.5187629,37.4792672
2873,-79.9958864,40.4406248
2874,-73.2453824,42.4500845
2875,-112.4455344,42.8713032
2876,-122.668833,45.567732
2877,-120.4691034,39.8104567
2878,-82.9976742,38.7317431
2879,-74.41151,41.469826
2880,-120.8344664,44.2998485
2881,-71.4273932,41.8220583
2882,-111.6926267,40.2860059
2883,-104.6091409,38.2544472
2884,-120.9471764,39.9368363
2885,-78.7925119,35.8178666
2886,-103.2310149,44.0805434
2887,-75.9268747,40.3356483
2888,-122.3916754,40.5865396
2889,-119.8162186,39.5169339
2890,-77.4360481,37.5407246
2891,-84.2594969,37.6921707
2892,-117.6508876,34.0633443
2893,-79.9414266,37.2709704
2894,-92.4801989,44.0121221
2895,-77.6109219,43.16103
2896,-70.4931557,44.1317459
2897,-72.9726065,43.6106237
2898,-121.3897882,38.6526125
2899,-121.6555013,36.6777372
2900,-80.4742261,35.6709727
2901,-111.8910474,40.7607793
2902,-120.6804872,38.1960298
2903,-98.4936282,29.4241219
2904,-117.212511,33.1330602
2905,-122.2319517,37.7769785
2906,-122.0528204,37.3253153
2907,-120.6545022,35.6368759
2908,-82.810138,32.9815431
2909,-79.1802994,35.4798757
2910,-119.8398835,34.4271935
2911,-121.7568946,36.910231
2912,-122.8214738,38.3987853
2913,-84.3453169,46.4952996
2914,-75.6110381,38.6412256
2915,-122.3267902,47.6156568
2916,-106.9561791,44.7971939
2917,-109.5168458,31.4315123
2918,-107.113103,41.7749592
2919,-96.4003069,42.4999942
2920,-96.7311034,43.5445959
2921,-84.6041084,37.0920222
2922,-86.1679894,41.6553952
2923,-81.9320482,34.9495672
2924,-117.4260466,47.6587802
2925,-72.589811,42.1014831
2926,-93.2922989,37.2089572
2927,-82.0645611,35.9154007
2928,-94.1632404,45.5579451
2929,-94.846681,39.7674578
2930,-90.1994042,38.6270025
2931,-77.8600012,40.7933949
2932,-121.2907796,37.9577016
2933,-91.5526281,34.5003748
2934,-76.1474244,43.0481221
2935,-86.2516406,33.1731716
2936,-84.2807329,30.4382559
2937,-82.6800314,28.0373419
2938,-87.4139092,39.4667034
2939,-94.0740852,33.4126096
2940,-80.1064529,35.8824681
2941,-83.555212,41.6639383
2942,-95.6890185,39.0558235
2943,-73.1211715,41.8003049
2944,-74.8175643,40.2615209
2945,-110.926479,32.2217429
2946,-95.992775,36.1539816
2947,-87.5691735,33.2098407
2948,-123.2077831,39.1501709
2949,-83.2784851,30.8327022
2950,-121.9280928,38.2562125
2951,-76.2891142,36.8577154
2952,-119.4035293,36.3380763
2953,-83.624201,32.6130007
2954,-77.0090505,38.8899389
2955,-92.4353707,42.5203941
2956,-97.1150732,44.8994088
2957,-80.5299206,40.3958005
2958,-113.5415936,33.8225302
2959,-80.7209149,40.0639616
2960,-97.330053,37.6871761
2961,-103.6179745,48.1469683
2962,-77.9447102,34.2257255
2963,-78.1633341,39.1856597
2964,-91.6663523,44.0553908
2965,-80.244216,36.0998596
2966,-71.8022934,42.2625932
2967,-120.5058987,46.6020711
2968,-80.6632103,41.0799329
2969,-122.6344708,41.7354186
2970,-114.6276916,32.6926512
2971,-56.1645314,-34.9011127
2972,-66.9036063,10.4805937
